bigram,weight
supply_chain,761.6278817
the_supply,281.1494923
a_supply,146.2325533
the_retailer,133.1760753
of_demand,104.8870397
the_manufacturer,104.8870397
lead_time,98.79401665
demand_is,93.13620953
of_product,79.20929969
the_demand,74.42192444
the_supplier,71.81062884
transportation_cost,64.41195799
of_supply,56.57807121
transportation_costs,56.57807121
an_order,55.70763935
expected_profit,53.53155968
demand_and,52.66112782
supply_chains,52.66112782
third_party,52.66112782
fixed_cost,46.56810477
the_season,45.26245697
the_quantity,44.82724104
demand_in,40.91029764
and_demand,39.60464985
of_transportation,38.73421798
revenue_management,38.73421798
chain_management,38.29900205
response_time,37.42857019
demand_uncertainty,36.99335425
service_level,36.55813832
the_forecast,36.12292239
customer_demand,33.94684273
economies_of,33.51162679
order_is,33.07641086
strategic_fit,32.64119493
of_safety,32.205979
chain_to,31.77076306
of_scale,31.33554713
to_order,31.33554713
if_demand,30.02989933
supply_and,30.02989933
the_aggregate,29.5946834
the_lot,29.15946747
chain_is,28.72425154
customer_order,27.41860374
spot_market,26.98338781
time_is,26.54817188
demand_from,24.80730815
lead_times,23.93687628
the_lead,23.93687628
and_supply,23.06644442
stages_of,23.06644442
the_plant,23.06644442
the_spot,23.06644442
demand_at,22.63122848
demand_forecast,22.63122848
distribution_network,22.63122848
when_demand,22.63122848
capacity_is,20.45514882
demand_of,20.45514882
in_supply,20.45514882
and_transportation,20.01993289
supplier_to,20.01993289
customer_orders,19.14950102
global_supply,18.71428509
high_demand,18.71428509
chain_and,18.27906916
demand_the,18.27906916
of_capacity,18.27906916
production_cost,18.27906916
to_forecast,18.27906916
the_peak,17.4086373
variable_cost,16.97342136
chain_the,16.53820543
demand_to,16.53820543
the_cycle,16.53820543
the_safety,16.53820543
to_supply,16.53820543
fixed_costs,15.23255763
from_supplier,15.23255763
million_units,14.7973417
the_network,14.7973417
a_forecast,14.36212577
demand_per,14.36212577
a_demand,13.92690984
of_orders,13.92690984
uncertainty_and,13.92690984
chain_for,13.4916939
demand_across,13.4916939
lower_price,13.4916939
the_capacity,13.4916939
capacity_to,13.05647797
product_to,13.05647797
production_capacity,13.05647797
revenue_sharing,13.05647797
future_demand,12.62126204
in_transportation,12.62126204
demand_has,12.18604611
level_is,12.18604611
product_in,12.18604611
retailers_to,12.18604611
square_feet,12.18604611
the_distributor,12.18604611
a_facility,11.75083017
forecast_is,11.75083017
of_strategic,11.75083017
supply_uncertainty,11.75083017
marginal_cost,11.31561424
material_cost,11.31561424
of_forecast,11.31561424
orders_in,11.31561424
pricing_and,11.31561424
a_store,10.88039831
and_cycle,10.88039831
at_retail,10.88039831
for_supply,10.88039831
in_europe,10.88039831
with_demand,10.88039831
a_capacity,10.44518238
and_capacity,10.44518238
chain_a,10.44518238
customer_segments,10.44518238
demand_over,10.44518238
distribution_center,10.44518238
high_cost,10.44518238
in_lot,10.44518238
risk_sharing,10.44518238
scale_in,10.44518238
to_aggregate,10.44518238
designing_a,10.00996644
on_supply,10.00996644
on_time,10.00996644
quantity_of,10.00996644
season_the,10.00996644
the_offshore,10.00996644
the_seasonal,10.00996644
a_distributor,9.574750512
at_stores,9.574750512
availability_and,9.574750512
factor_of,9.574750512
of_order,9.574750512
the_competitive,9.574750512
fluctuations_in,9.13953458
forecasts_are,9.13953458
of_uncertainty,9.13953458
product_and,9.13953458
seasonal_factors,9.13953458
stages_in,9.13953458
uncertainty_in,9.13953458
volume_based,9.13953458
an_expected,8.704318648
and_environmental,8.704318648
be_effective,8.704318648
in_china,8.704318648
in_global,8.704318648
network_is,8.704318648
orders_are,8.704318648
seasonal_factor,8.704318648
the_constraints,8.704318648
the_orders,8.704318648
the_workforce,8.704318648
a_production,8.269102715
and_shipping,8.269102715
available_capacity,8.269102715
benefit_from,8.269102715
component_is,8.269102715
costs_per,8.269102715
facility_and,8.269102715
forecast_to,8.269102715
order_from,8.269102715
production_in,8.269102715
and_price,7.833886783
and_seasonal,7.833886783
for_order,7.833886783
forecast_the,7.833886783
level_the,7.833886783
or_distributor,7.833886783
overall_supply,7.833886783
plant_is,7.833886783
the_location,7.833886783
the_plants,7.833886783
to_pick,7.833886783
weeks_to,7.833886783
and_facility,7.398670851
at_stage,7.398670851
availability_is,7.398670851
capacity_at,7.398670851
chain_with,7.398670851
contract_manufacturer,7.398670851
cost_but,7.398670851
cost_by,7.398670851
expected_demand,7.398670851
in_safety,7.398670851
location_of,7.398670851
long_lead,7.398670851
market_conditions,7.398670851
network_with,7.398670851
of_lead,7.398670851
of_learning,7.398670851
place_orders,7.398670851
product_the,7.398670851
season_is,7.398670851
the_forecasting,7.398670851
the_onshore,7.398670851
third_parties,7.398670851
uncertain_demand,7.398670851
and_planning,6.963454918
at_store,6.963454918
cost_if,6.963454918
cubic_feet,6.963454918
delivery_is,6.963454918
delivery_to,6.963454918
design_a,6.963454918
in_india,6.963454918
is_uncertain,6.963454918
orders_from,6.963454918
place_an,6.963454918
plan_is,6.963454918
processes_in,6.963454918
product_with,6.963454918
sales_force,6.963454918
the_challenge,6.963454918
the_environmental,6.963454918
the_off,6.963454918
variability_in,6.963454918
variable_costs,6.963454918
a_factor,6.528238986
and_safety,6.528238986
appropriate_level,6.528238986
for_orders,6.528238986
low_levels,6.528238986
manufacturers_to,6.528238986
on_customer,6.528238986
on_performance,6.528238986
planning_is,6.528238986
service_center,6.528238986
supplier_and,6.528238986
supply_of,6.528238986
to_units,6.528238986
variable_production,6.528238986
a_lead,6.093023053
and_operation,6.093023053
constraints_in,6.093023053
costs_by,6.093023053
customers_could,6.093023053
demand_can,6.093023053
electronics_industry,6.093023053
facilities_are,6.093023053
feet_of,6.093023053
for_segment,6.093023053
in_orders,6.093023053
low_price,6.093023053
network_and,6.093023053
network_in,6.093023053
of_forecasting,6.093023053
order_a,6.093023053
orders_for,6.093023053
orders_with,6.093023053
predictable_demand,6.093023053
production_schedule,6.093023053
relatively_low,6.093023053
significantly_reduce,6.093023053
the_chinese,6.093023053
time_horizon,6.093023053
two_products,6.093023053
uncertainty_is,6.093023053
base_load,5.657807121
chain_are,5.657807121
china_and,5.657807121
contract_manufacturers,5.657807121
cost_associated,5.657807121
costs_increase,5.657807121
demand_by,5.657807121
flexibility_and,5.657807121
help_reduce,5.657807121
inventory_given,5.657807121
laid_off,5.657807121
location_to,5.657807121
mid_range,5.657807121
network_to,5.657807121
of_network,5.657807121
of_producing,5.657807121
on_safety,5.657807121
product_life,5.657807121
relatively_stable,5.657807121
sharing_of,5.657807121
the_electronics,5.657807121
the_planned,5.657807121
the_variable,5.657807121
transportation_in,5.657807121
uncertainty_the,5.657807121
a_wholesale,5.222591189
air_freight,5.222591189
and_trend,5.222591189
end_customer,5.222591189
for_demand,5.222591189
industry_in,5.222591189
is_effective,5.222591189
multiple_products,5.222591189
of_trade,5.222591189
of_transport,5.222591189
per_store,5.222591189
price_sensitive,5.222591189
pricing_is,5.222591189
products_have,5.222591189
shipping_to,5.222591189
short_lead,5.222591189
shut_down,5.222591189
targeting_a,5.222591189
the_chain,5.222591189
to_outsource,5.222591189
a_competitive,4.787375256
and_variable,4.787375256
at_price,4.787375256
capacity_can,4.787375256
capacity_constraint,4.787375256
capacity_constraints,4.787375256
decision_and,4.787375256
direct_sales,4.787375256
duration_of,4.787375256
forecast_and,4.787375256
forecast_of,4.787375256
improve_performance,4.787375256
infrastructure_and,4.787375256
network_for,4.787375256
objective_is,4.787375256
of_availability,4.787375256
of_component,4.787375256
of_components,4.787375256
of_cycle,4.787375256
pass_through,4.787375256
plan_in,4.787375256
plant_to,4.787375256
pricing_to,4.787375256
processing_costs,4.787375256
production_plan,4.787375256
scenario_in,4.787375256
season_to,4.787375256
sell_through,4.787375256
single_product,4.787375256
supply_with,4.787375256
technology_to,4.787375256
the_effort,4.787375256
the_target,4.787375256
to_demand,4.787375256
units_to,4.787375256
wait_for,4.787375256
a_safety,4.352159324
accurate_forecast,4.352159324
bricks_and,4.352159324
cost_reduction,4.352159324
cost_than,4.352159324
cycles_in,4.352159324
demand_pattern,4.352159324
demand_variability,4.352159324
demand_will,4.352159324
facility_is,4.352159324
flexible_and,4.352159324
high_tech,4.352159324
if_customers,4.352159324
if_product,4.352159324
if_sales,4.352159324
infrastructure_is,4.352159324
inventory_turns,4.352159324
manager_to,4.352159324
mitigation_strategies,4.352159324
model_with,4.352159324
models_are,4.352159324
more_predictable,4.352159324
of_flexibility,4.352159324
of_pricing,4.352159324
of_trust,4.352159324
of_unit,4.352159324
per_ton,4.352159324
products_were,4.352159324
raise_the,4.352159324
retailer_a,4.352159324
savings_on,4.352159324
size_in,4.352159324
tariffs_and,4.352159324
the_duration,4.352159324
the_power,4.352159324
the_strategic,4.352159324
the_variability,4.352159324
the_wholesale,4.352159324
to_contract,4.352159324
uncertain_and,4.352159324
visibility_and,4.352159324
with_supply,4.352159324
a_seasonal,3.916943391
a_strategy,3.916943391
a_trend,3.916943391
achieve_the,3.916943391
and_india,3.916943391
and_seasonality,3.916943391
area_for,3.916943391
at_site,3.916943391
be_significant,3.916943391
carriers_are,3.916943391
cost_increases,3.916943391
costs_than,3.916943391
cycle_time,3.916943391
drivers_of,3.916943391
excess_capacity,3.916943391
fixed_and,3.916943391
for_global,3.916943391
for_price,3.916943391
for_production,3.916943391
for_retailers,3.916943391
forecast_in,3.916943391
from_china,3.916943391
from_retailers,3.916943391
fuel_costs,3.916943391
function_and,3.916943391
in_location,3.916943391
large_customers,3.916943391
location_is,3.916943391
market_and,3.916943391
market_intelligence,3.916943391
of_facility,3.916943391
or_supply,3.916943391
orders_at,3.916943391
price_volatility,3.916943391
production_is,3.916943391
season_for,3.916943391
season_in,3.916943391
service_levels,3.916943391
store_level,3.916943391
strategic_customers,3.916943391
strategic_planning,3.916943391
the_allocation,3.916943391
the_carrier,3.916943391
the_incentive,3.916943391
to_adapt,3.916943391
to_manufacturer,3.916943391
to_quantify,3.916943391
tons_of,3.916943391
total_costs,3.916943391
uncertainty_a,3.916943391
uncertainty_for,3.916943391
uncertainty_on,3.916943391
units_a,3.916943391
variability_of,3.916943391
an_area,3.481727459
and_shipped,3.481727459
and_strategic,3.481727459
and_supplier,3.481727459
and_tariffs,3.481727459
are_close,3.481727459
buyer_and,3.481727459
by_customer,3.481727459
chain_from,3.481727459
customers_do,3.481727459
demand_supply,3.481727459
demand_with,3.481727459
distribution_is,3.481727459
fixed_variable,3.481727459
flexibility_of,3.481727459
for_uncertainty,3.481727459
for_units,3.481727459
forecasting_is,3.481727459
from_asia,3.481727459
global_network,3.481727459
greenhouse_gas,3.481727459
high_volume,3.481727459
implementation_of,3.481727459
improve_product,3.481727459
introduction_of,3.481727459
lower_level,3.481727459
make_decisions,3.481727459
market_to,3.481727459
metrics_are,3.481727459
more_sustainable,3.481727459
new_demand,3.481727459
of_asia,3.481727459
of_collaboration,3.481727459
of_price,3.481727459
of_seasonal,3.481727459
of_shipments,3.481727459
on_actual,3.481727459
on_reducing,3.481727459
or_demand,3.481727459
orders_on,3.481727459
overall_cost,3.481727459
performing_the,3.481727459
plants_and,3.481727459
plants_to,3.481727459
policy_and,3.481727459
power_of,3.481727459
production_line,3.481727459
products_may,3.481727459
rail_and,3.481727459
rate_fr,3.481727459
reserved_for,3.481727459
segment_is,3.481727459
selling_to,3.481727459
sourcing_is,3.481727459
strategy_the,3.481727459
supply_a,3.481727459
the_buying,3.481727459
the_drug,3.481727459
the_fluctuation,3.481727459
the_models,3.481727459
the_steel,3.481727459
the_transition,3.481727459
the_wholesaler,3.481727459
time_frame,3.481727459
time_sensitive,3.481727459
to_counter,3.481727459
to_process,3.481727459
to_transport,3.481727459
tons_per,3.481727459
utilization_of,3.481727459
with_direct,3.481727459
work_together,3.481727459
a_goal,3.046511527
a_plan,3.046511527
an_auto,3.046511527
an_increased,3.046511527
and_labor,3.046511527
are_priced,3.046511527
at_location,3.046511527
buy_is,3.046511527
chain_an,3.046511527
competitive_and,3.046511527
component_the,3.046511527
costs_relative,3.046511527
customer_behavior,3.046511527
deliver_a,3.046511527
deliveries_to,3.046511527
delivery_time,3.046511527
demand_given,3.046511527
demand_may,3.046511527
demand_was,3.046511527
design_for,3.046511527
design_in,3.046511527
distributors_and,3.046511527
factors_affecting,3.046511527
finished_products,3.046511527
firms_are,3.046511527
growth_trend,3.046511527
has_built,3.046511527
is_forecast,3.046511527
japan_has,3.046511527
location_in,3.046511527
manufacturing_to,3.046511527
market_demand,3.046511527
more_stable,3.046511527
of_energy,3.046511527
of_local,3.046511527
on_product,3.046511527
online_to,3.046511527
outcome_of,3.046511527
phase_ii,3.046511527
planning_in,3.046511527
plant_was,3.046511527
price_but,3.046511527
pricing_can,3.046511527
processes_and,3.046511527
product_a,3.046511527
product_being,3.046511527
product_by,3.046511527
product_innovation,3.046511527
production_levels,3.046511527
production_rate,3.046511527
promotions_and,3.046511527
reach_the,3.046511527
risk_in,3.046511527
risk_mitigation,3.046511527
sales_effort,3.046511527
schedule_is,3.046511527
segment_and,3.046511527
sharing_risk,3.046511527
shipments_are,3.046511527
shipping_and,3.046511527
sourcing_in,3.046511527
storage_is,3.046511527
supply_to,3.046511527
the_capability,3.046511527
the_economies,3.046511527
the_global,3.046511527
the_limited,3.046511527
to_access,3.046511527
uncertainty_to,3.046511527
unit_price,3.046511527
unpredictable_demand,3.046511527
value_added,3.046511527
winter_season,3.046511527
with_local,3.046511527
with_new,3.046511527
a_pricing,2.611295594
add_value,2.611295594
additional_cost,2.611295594
allocation_decisions,2.611295594
an_enterprise,2.611295594
an_uncertain,2.611295594
and_flow,2.611295594
and_focus,2.611295594
and_forecast,2.611295594
and_forecasting,2.611295594
and_purchase,2.611295594
and_storage,2.611295594
be_managed,2.611295594
be_structured,2.611295594
build_to,2.611295594
building_the,2.611295594
capacity_with,2.611295594
carried_in,2.611295594
china_to,2.611295594
collaboration_and,2.611295594
commit_to,2.611295594
commodity_products,2.611295594
competitive_environment,2.611295594
components_are,2.611295594
consumption_in,2.611295594
consumption_of,2.611295594
cost_can,2.611295594
costs_however,2.611295594
demand_however,2.611295594
demand_would,2.611295594
design_an,2.611295594
different_countries,2.611295594
distributors_in,2.611295594
eliminating_the,2.611295594
every_product,2.611295594
facilities_the,2.611295594
facility_to,2.611295594
for_commodity,2.611295594
for_component,2.611295594
forecasts_for,2.611295594
freight_and,2.611295594
from_multiple,2.611295594
from_retail,2.611295594
from_segment,2.611295594
from_supply,2.611295594
goals_and,2.611295594
horizon_is,2.611295594
in_america,2.611295594
in_chicago,2.611295594
in_technology,2.611295594
increased_variability,2.611295594
infrastructure_to,2.611295594
is_unpredictable,2.611295594
load_and,2.611295594
local_market,2.611295594
located_at,2.611295594
locations_are,2.611295594
logistics_and,2.611295594
managing_supply,2.611295594
manufacturer_a,2.611295594
manufacturers_are,2.611295594
manufacturing_plant,2.611295594
markets_is,2.611295594
markets_or,2.611295594
meet_customer,2.611295594
more_variable,2.611295594
multiple_customer,2.611295594
networks_and,2.611295594
networks_are,2.611295594
new_plants,2.611295594
of_firm,2.611295594
of_infrastructure,2.611295594
of_retailers,2.611295594
of_shipment,2.611295594
of_sourcing,2.611295594
of_supplier,2.611295594
online_or,2.611295594
option_in,2.611295594
or_air,2.611295594
parts_a,2.611295594
peak_season,2.611295594
plants_are,2.611295594
pressure_on,2.611295594
pricing_a,2.611295594
pricing_strategy,2.611295594
producing_and,2.611295594
product_will,2.611295594
production_at,2.611295594
reduction_activities,2.611295594
region_and,2.611295594
retailers_a,2.611295594
revenue_generated,2.611295594
sales_because,2.611295594
segment_the,2.611295594
segments_and,2.611295594
shipment_of,2.611295594
shipping_in,2.611295594
spot_price,2.611295594
store_to,2.611295594
suitable_for,2.611295594
supply_demand,2.611295594
table_demand,2.611295594
the_department,2.611295594
the_energy,2.611295594
the_factories,2.611295594
the_forward,2.611295594
the_implementation,2.611295594
the_merger,2.611295594
the_outlet,2.611295594
the_procurement,2.611295594
the_sourcing,2.611295594
the_trucking,2.611295594
the_unpredictable,2.611295594
to_discount,2.611295594
ton_of,2.611295594
uncertainty_over,2.611295594
up_front,2.611295594
variability_and,2.611295594
various_stages,2.611295594
vertically_integrated,2.611295594
with_carrier,2.611295594
with_distributor,2.611295594
with_lot,2.611295594
a_challenge,2.176079662
a_commodity,2.176079662
a_faster,2.176079662
a_peak,2.176079662
a_rapid,2.176079662
a_regular,2.176079662
across_products,2.176079662
actions_taken,2.176079662
additional_capacity,2.176079662
an_environment,2.176079662
and_consumer,2.176079662
and_estimate,2.176079662
and_factors,2.176079662
and_flexibility,2.176079662
and_orders,2.176079662
and_quantity,2.176079662
and_size,2.176079662
and_western,2.176079662
are_effective,2.176079662
at_facility,2.176079662
at_plant,2.176079662
auto_parts,2.176079662
be_flexible,2.176079662
better_market,2.176079662
build_the,2.176079662
buying_a,2.176079662
capacity_on,2.176079662
carriers_to,2.176079662
carry_the,2.176079662
cars_in,2.176079662
china_in,2.176079662
components_a,2.176079662
cost_curve,2.176079662
cost_savings,2.176079662
cost_structure,2.176079662
cost_while,2.176079662
costs_can,2.176079662
costs_if,2.176079662
countries_is,2.176079662
countries_the,2.176079662
current_distribution,2.176079662
customer_can,2.176079662
customer_need,2.176079662
customer_segment,2.176079662
demand_because,2.176079662
demand_while,2.176079662
design_the,2.176079662
different_product,2.176079662
distribution_cost,2.176079662
distributor_in,2.176079662
emissions_and,2.176079662
end_products,2.176079662
expected_cost,2.176079662
facilities_have,2.176079662
fill_a,2.176079662
firms_and,2.176079662
fit_and,2.176079662
forecasting_in,2.176079662
high_price,2.176079662
higher_demand,2.176079662
if_customer,2.176079662
improving_the,2.176079662
in_areas,2.176079662
in_lead,2.176079662
in_online,2.176079662
increased_focus,2.176079662
incremental_cost,2.176079662
is_committed,2.176079662
latin_america,2.176079662
laying_off,2.176079662
less_inventory,2.176079662
location_decision,2.176079662
long_time,2.176079662
longer_lead,2.176079662
low_inventory,2.176079662
macroeconomic_factors,2.176079662
make_decision,2.176079662
maximize_profit,2.176079662
metrics_to,2.176079662
mitigate_risk,2.176079662
mitigates_the,2.176079662
more_flexible,2.176079662
more_price,2.176079662
much_capacity,2.176079662
multiple_customers,2.176079662
network_a,2.176079662
of_base,2.176079662
of_buyback,2.176079662
of_driver,2.176079662
of_expanding,2.176079662
of_market,2.176079662
of_markets,2.176079662
of_rail,2.176079662
of_tons,2.176079662
on_profitability,2.176079662
operation_and,2.176079662
or_order,2.176079662
orders_received,2.176079662
orders_were,2.176079662
overall_profitability,2.176079662
per_barrel,2.176079662
per_customer,2.176079662
performance_by,2.176079662
phase_iii,2.176079662
plant_with,2.176079662
policy_in,2.176079662
prices_at,2.176079662
pricing_for,2.176079662
pricing_the,2.176079662
producing_the,2.176079662
product_has,2.176079662
product_was,2.176079662
products_but,2.176079662
profitability_by,2.176079662
rate_fluctuations,2.176079662
rates_in,2.176079662
recycling_and,2.176079662
retail_channel,2.176079662
returns_can,2.176079662
risk_to,2.176079662
shipments_for,2.176079662
shortages_and,2.176079662
significant_investment,2.176079662
small_customer,2.176079662
smaller_customers,2.176079662
sources_are,2.176079662
strategic_partnerships,2.176079662
strategy_a,2.176079662
strategy_with,2.176079662
supplier_in,2.176079662
surplus_a,2.176079662
target_the,2.176079662
targeted_level,2.176079662
term_contracts,2.176079662
the_auto,2.176079662
the_chemical,2.176079662
the_drivers,2.176079662
the_eu,2.176079662
the_moving,2.176079662
the_outsourcing,2.176079662
the_pharmaceutical,2.176079662
the_processes,2.176079662
the_rapid,2.176079662
the_waste,2.176079662
the_weather,2.176079662
the_yen,2.176079662
time_on,2.176079662
times_for,2.176079662
to_act,2.176079662
to_distributors,2.176079662
to_facilities,2.176079662
to_lease,2.176079662
uncertainty_can,2.176079662
uncertainty_when,2.176079662
very_slow,2.176079662
volatility_in,2.176079662
waste_and,2.176079662
western_europe,2.176079662
with_order,2.176079662
with_seasonal,2.176079662
with_uncertain,2.176079662
world_is,2.176079662
a_build,1.74086373
a_changing,1.74086373
a_geographic,1.74086373
a_response,1.74086373
a_strategic,1.74086373
a_target,1.74086373
achieved_with,1.74086373
across_product,1.74086373
across_regions,1.74086373
alternatives_for,1.74086373
america_is,1.74086373
and_availability,1.74086373
and_competitive,1.74086373
and_fast,1.74086373
and_improving,1.74086373
and_logistics,1.74086373
and_north,1.74086373
and_policies,1.74086373
and_predictable,1.74086373
and_store,1.74086373
and_uncertainties,1.74086373
and_volume,1.74086373
asia_is,1.74086373
at_customer,1.74086373
business_units,1.74086373
buying_decision,1.74086373
buying_of,1.74086373
by_sales,1.74086373
by_time,1.74086373
capability_to,1.74086373
capacity_a,1.74086373
capacity_has,1.74086373
capacity_utilization,1.74086373
capacity_was,1.74086373
capacity_will,1.74086373
center_is,1.74086373
chain_will,1.74086373
changing_environment,1.74086373
collaboration_with,1.74086373
component_a,1.74086373
consolidation_of,1.74086373
constraints_and,1.74086373
consumption_and,1.74086373
contracts_have,1.74086373
cost_si,1.74086373
costs_increased,1.74086373
costs_low,1.74086373
costs_should,1.74086373
costs_while,1.74086373
current_demand,1.74086373
customer_response,1.74086373
customers_product,1.74086373
customers_was,1.74086373
customers_while,1.74086373
cycle_times,1.74086373
cycles_are,1.74086373
data_analysis,1.74086373
dealers_and,1.74086373
demand_being,1.74086373
demand_if,1.74086373
demand_level,1.74086373
design_is,1.74086373
design_to,1.74086373
designed_a,1.74086373
different_segments,1.74086373
distribution_for,1.74086373
distributors_to,1.74086373
done_at,1.74086373
driver_and,1.74086373
enterprise_and,1.74086373
expected_revenue,1.74086373
experiences_a,1.74086373
facilities_will,1.74086373
factor_the,1.74086373
factors_include,1.74086373
factory_and,1.74086373
factory_in,1.74086373
for_network,1.74086373
forecast_a,1.74086373
forecast_with,1.74086373
forecasting_for,1.74086373
from_product,1.74086373
germany_and,1.74086373
global_demand,1.74086373
global_trade,1.74086373
high_fixed,1.74086373
highly_uncertain,1.74086373
highly_unpredictable,1.74086373
house_and,1.74086373
improve_efficiency,1.74086373
in_cycle,1.74086373
in_digital,1.74086373
in_forecasting,1.74086373
in_network,1.74086373
in_ordering,1.74086373
in_parts,1.74086373
increased_production,1.74086373
incremental_costs,1.74086373
individual_product,1.74086373
information_with,1.74086373
infrastructure_in,1.74086373
inventories_to,1.74086373
japan_have,1.74086373
japan_to,1.74086373
large_retail,1.74086373
large_scale,1.74086373
launched_in,1.74086373
level_to,1.74086373
like_of,1.74086373
long_distance,1.74086373
lot_and,1.74086373
manufacturing_is,1.74086373
material_from,1.74086373
material_to,1.74086373
mitigation_strategy,1.74086373
model_can,1.74086373
more_cost,1.74086373
move_to,1.74086373
new_designs,1.74086373
new_information,1.74086373
occupancy_cost,1.74086373
of_carriers,1.74086373
of_chemical,1.74086373
of_exchange,1.74086373
of_improvement,1.74086373
of_innovation,1.74086373
of_managing,1.74086373
of_minimizing,1.74086373
of_processes,1.74086373
of_stage,1.74086373
of_steel,1.74086373
of_visibility,1.74086373
oil_prices,1.74086373
on_products,1.74086373
on_providing,1.74086373
on_purchase,1.74086373
on_sell,1.74086373
on_value,1.74086373
operation_to,1.74086373
or_inventory,1.74086373
or_near,1.74086373
or_time,1.74086373
order_on,1.74086373
orders_or,1.74086373
organizational_structure,1.74086373
overall_demand,1.74086373
own_costs,1.74086373
ownership_and,1.74086373
parts_in,1.74086373
peak_and,1.74086373
per_gallon,1.74086373
periods_to,1.74086373
pharmaceutical_industry,1.74086373
plan_a,1.74086373
plan_can,1.74086373
plant_are,1.74086373
plant_at,1.74086373
political_risk,1.74086373
prices_on,1.74086373
pricing_in,1.74086373
pricing_of,1.74086373
pricing_strategies,1.74086373
processes_for,1.74086373
product_are,1.74086373
product_of,1.74086373
production_facility,1.74086373
production_from,1.74086373
production_lines,1.74086373
production_the,1.74086373
products_like,1.74086373
profitability_are,1.74086373
profits_a,1.74086373
providers_to,1.74086373
purchase_order,1.74086373
purchase_orders,1.74086373
quantity_and,1.74086373
quarter_year,1.74086373
reduce_cost,1.74086373
retailers_are,1.74086373
risk_factors,1.74086373
risks_in,1.74086373
sales_trends,1.74086373
same_store,1.74086373
scale_of,1.74086373
scale_to,1.74086373
sea_and,1.74086373
season_of,1.74086373
season_will,1.74086373
seasonality_in,1.74086373
segments_a,1.74086373
segments_for,1.74086373
segments_the,1.74086373
selling_through,1.74086373
serving_customers,1.74086373
ship_products,1.74086373
shortage_of,1.74086373
sites_are,1.74086373
source_to,1.74086373
sources_in,1.74086373
spot_prices,1.74086373
stage_and,1.74086373
stores_for,1.74086373
strategic_and,1.74086373
strategic_position,1.74086373
strategy_around,1.74086373
strategy_will,1.74086373
supply_disruption,1.74086373
sustainability_of,1.74086373
systems_can,1.74086373
target_a,1.74086373
targets_a,1.74086373
the_action,1.74086373
the_cell,1.74086373
the_competitor,1.74086373
the_delay,1.74086373
the_integrated,1.74086373
the_japanese,1.74086373
the_logistics,1.74086373
the_midwest,1.74086373
the_part,1.74086373
the_pipeline,1.74086373
the_program,1.74086373
the_railroad,1.74086373
the_road,1.74086373
the_segments,1.74086373
the_train,1.74086373
the_uncertain,1.74086373
the_variation,1.74086373
times_can,1.74086373
to_china,1.74086373
to_facility,1.74086373
to_fluctuations,1.74086373
to_global,1.74086373
to_home,1.74086373
to_import,1.74086373
to_location,1.74086373
to_shut,1.74086373
ton_and,1.74086373
total_revenue,1.74086373
trust_and,1.74086373
uncertain_environment,1.74086373
uncertainties_faced,1.74086373
uncertainty_resulting,1.74086373
underlying_demand,1.74086373
value_chain,1.74086373
variability_to,1.74086373
various_factors,1.74086373
volatility_of,1.74086373
water_treatment,1.74086373
weeks_in,1.74086373
when_product,1.74086373
with_excess,1.74086373
with_product,1.74086373
with_strategy,1.74086373
workforce_in,1.74086373
a_gallon,1.305647797
a_pickup,1.305647797
a_transit,1.305647797
accuracy_a,1.305647797
accuracy_and,1.305647797
africa_and,1.305647797
aggregate_the,1.305647797
allocation_to,1.305647797
an_automotive,1.305647797
and_backlog,1.305647797
and_competition,1.305647797
and_competitor,1.305647797
and_delay,1.305647797
and_delays,1.305647797
and_efficient,1.305647797
and_energy,1.305647797
and_facilities,1.305647797
and_managed,1.305647797
and_move,1.305647797
and_offshore,1.305647797
and_plan,1.305647797
and_processing,1.305647797
and_purchasing,1.305647797
and_rapid,1.305647797
and_resources,1.305647797
and_sellers,1.305647797
and_ship,1.305647797
and_shipments,1.305647797
and_target,1.305647797
and_track,1.305647797
and_variability,1.305647797
are_built,1.305647797
are_forecast,1.305647797
are_uncertain,1.305647797
area_with,1.305647797
areas_is,1.305647797
asia_the,1.305647797
assembly_and,1.305647797
audits_and,1.305647797
auto_industry,1.305647797
be_accurate,1.305647797
be_far,1.305647797
be_moved,1.305647797
be_profitable,1.305647797
because_customer,1.305647797
build_and,1.305647797
build_in,1.305647797
build_inventory,1.305647797
built_in,1.305647797
built_to,1.305647797
buy_in,1.305647797
buyers_and,1.305647797
by_cost,1.305647797
by_demand,1.305647797
by_rail,1.305647797
by_sea,1.305647797
capacity_are,1.305647797
capacity_but,1.305647797
capacity_by,1.305647797
chain_have,1.305647797
chain_risk,1.305647797
channel_and,1.305647797
china_for,1.305647797
climate_change,1.305647797
commodity_product,1.305647797
company_sales,1.305647797
competition_from,1.305647797
competitors_have,1.305647797
components_with,1.305647797
conditions_the,1.305647797
contracts_the,1.305647797
cost_component,1.305647797
cost_high,1.305647797
cost_increase,1.305647797
cost_plus,1.305647797
costs_across,1.305647797
costs_decrease,1.305647797
costs_more,1.305647797
country_the,1.305647797
current_estimate,1.305647797
current_forecast,1.305647797
customer_but,1.305647797
customers_an,1.305647797
customers_into,1.305647797
customers_more,1.305647797
customers_over,1.305647797
deliver_to,1.305647797
delivered_the,1.305647797
delivering_a,1.305647797
demand_patterns,1.305647797
demand_risk,1.305647797
different_regions,1.305647797
distribution_from,1.305647797
distribution_in,1.305647797
driver_of,1.305647797
earlier_a,1.305647797
efficiency_a,1.305647797
emerging_economies,1.305647797
europe_for,1.305647797
every_customer,1.305647797
facilities_for,1.305647797
facilities_is,1.305647797
facilities_to,1.305647797
facility_was,1.305647797
facility_will,1.305647797
first_phase,1.305647797
fixed_component,1.305647797
fluctuations_and,1.305647797
for_information,1.305647797
for_plant,1.305647797
ford_and,1.305647797
free_rate,1.305647797
from_market,1.305647797
from_revenue,1.305647797
fuel_and,1.305647797
fuel_prices,1.305647797
gain_in,1.305647797
geographic_area,1.305647797
global_markets,1.305647797
good_demand,1.305647797
growth_is,1.305647797
have_purchased,1.305647797
high_utilization,1.305647797
higher_levels,1.305647797
hiring_a,1.305647797
hour_and,1.305647797
hub_and,1.305647797
improve_profitability,1.305647797
improving_operational,1.305647797
improving_product,1.305647797
in_design,1.305647797
in_forecast,1.305647797
in_fuel,1.305647797
in_italy,1.305647797
in_malaysia,1.305647797
in_mexico,1.305647797
in_michigan,1.305647797
in_phase,1.305647797
in_prices,1.305647797
in_pricing,1.305647797
in_risk,1.305647797
in_units,1.305647797
increased_cost,1.305647797
increased_demand,1.305647797
increased_risk,1.305647797
increasing_product,1.305647797
incremental_variable,1.305647797
india_and,1.305647797
infrastructure_the,1.305647797
inventory_level,1.305647797
inventory_risk,1.305647797
is_capacity,1.305647797
is_fair,1.305647797
japan_a,1.305647797
japan_are,1.305647797
key_metrics,1.305647797
labor_is,1.305647797
less_predictable,1.305647797
level_out,1.305647797
line_had,1.305647797
location_decisions,1.305647797
low_customer,1.305647797
low_level,1.305647797
low_variable,1.305647797
lower_a,1.305647797
lower_demand,1.305647797
lower_end,1.305647797
managed_by,1.305647797
management_with,1.305647797
managing_risk,1.305647797
manufactured_in,1.305647797
manufacturing_capacity,1.305647797
manufacturing_in,1.305647797
market_are,1.305647797
market_at,1.305647797
market_prices,1.305647797
market_segment,1.305647797
market_was,1.305647797
market_will,1.305647797
market_year,1.305647797
markets_should,1.305647797
material_costs,1.305647797
materials_to,1.305647797
merger_is,1.305647797
models_in,1.305647797
monitoring_of,1.305647797
more_challenging,1.305647797
more_risk,1.305647797
moves_up,1.305647797
moving_from,1.305647797
new_facilities,1.305647797
new_models,1.305647797
new_production,1.305647797
new_technology,1.305647797
not_selling,1.305647797
of_crude,1.305647797
of_deliveries,1.305647797
of_distributor,1.305647797
of_distributors,1.305647797
of_europe,1.305647797
of_factor,1.305647797
of_offshore,1.305647797
of_oil,1.305647797
of_peak,1.305647797
of_phase,1.305647797
of_regions,1.305647797
of_schedule,1.305647797
of_trend,1.305647797
of_truck,1.305647797
of_workforce,1.305647797
on_costs,1.305647797
on_market,1.305647797
on_parts,1.305647797
on_price,1.305647797
on_production,1.305647797
online_business,1.305647797
operate_in,1.305647797
operate_with,1.305647797
operation_is,1.305647797
operational_performance,1.305647797
opportunities_are,1.305647797
options_in,1.305647797
or_customers,1.305647797
or_revenue,1.305647797
or_sales,1.305647797
or_trend,1.305647797
or_volume,1.305647797
ordering_a,1.305647797
orders_will,1.305647797
outsourcing_of,1.305647797
overall_costs,1.305647797
ownership_structure,1.305647797
partnerships_and,1.305647797
parts_to,1.305647797
percent_growth,1.305647797
phase_and,1.305647797
placed_on,1.305647797
plant_for,1.305647797
policy_a,1.305647797
ports_and,1.305647797
pounds_of,1.305647797
power_plants,1.305647797
price_fluctuations,1.305647797
pricing_structure,1.305647797
probability_and,1.305647797
processes_a,1.305647797
processing_cost,1.305647797
produce_in,1.305647797
product_can,1.305647797
product_design,1.305647797
product_liability,1.305647797
product_margin,1.305647797
product_per,1.305647797
product_type,1.305647797
production_by,1.305647797
production_level,1.305647797
production_with,1.305647797
products_across,1.305647797
products_do,1.305647797
products_had,1.305647797
products_has,1.305647797
products_of,1.305647797
products_on,1.305647797
products_over,1.305647797
products_would,1.305647797
profitability_for,1.305647797
profits_an,1.305647797
provide_customers,1.305647797
provide_value,1.305647797
providers_have,1.305647797
proximity_to,1.305647797
quarters_of,1.305647797
rate_from,1.305647797
rate_given,1.305647797
reduce_supply,1.305647797
reduced_demand,1.305647797
reducing_costs,1.305647797
reducing_risk,1.305647797
reduction_and,1.305647797
region_is,1.305647797
region_to,1.305647797
regular_basis,1.305647797
reserve_for,1.305647797
resolution_of,1.305647797
revenue_per,1.305647797
risk_by,1.305647797
risk_for,1.305647797
safety_and,1.305647797
safety_stock,1.305647797
scale_a,1.305647797
scale_the,1.305647797
season_but,1.305647797
seasonal_nature,1.305647797
sell_products,1.305647797
service_will,1.305647797
services_provide,1.305647797
shelf_space,1.305647797
shifted_from,1.305647797
ship_to,1.305647797
shipments_of,1.305647797
shipping_a,1.305647797
shutting_down,1.305647797
significant_drop,1.305647797
significant_reduction,1.305647797
significant_value,1.305647797
sites_for,1.305647797
size_are,1.305647797
small_size,1.305647797
solution_of,1.305647797
solutions_are,1.305647797
source_for,1.305647797
source_is,1.305647797
south_korea,1.305647797
stable_and,1.305647797
stage_is,1.305647797
stages_and,1.305647797
step_for,1.305647797
strategies_a,1.305647797
strategies_with,1.305647797
strategy_are,1.305647797
strategy_at,1.305647797
strong_sales,1.305647797
supply_an,1.305647797
supply_constraints,1.305647797
supply_from,1.305647797
targeting_the,1.305647797
targets_for,1.305647797
team_of,1.305647797
term_relationship,1.305647797
term_supply,1.305647797
than_customer,1.305647797
the_asian,1.305647797
the_consumption,1.305647797
the_cycles,1.305647797
the_dynamic,1.305647797
the_freight,1.305647797
the_gains,1.305647797
the_infrastructure,1.305647797
the_labor,1.305647797
the_marketplace,1.305647797
the_markets,1.305647797
the_operational,1.305647797
the_opportunities,1.305647797
the_organizational,1.305647797
the_packaging,1.305647797
the_portfolio,1.305647797
the_scale,1.305647797
the_sharing,1.305647797
the_storage,1.305647797
the_travel,1.305647797
the_west,1.305647797
time_because,1.305647797
time_may,1.305647797
time_per,1.305647797
times_when,1.305647797
to_consolidate,1.305647797
to_contain,1.305647797
to_markets,1.305647797
to_products,1.305647797
to_range,1.305647797
to_recycle,1.305647797
to_retailer,1.305647797
to_stabilize,1.305647797
to_strategic,1.305647797
to_third,1.305647797
to_uncertainty,1.305647797
total_available,1.305647797
track_and,1.305647797
transaction_costs,1.305647797
transition_to,1.305647797
transportation_a,1.305647797
trend_for,1.305647797
trip_to,1.305647797
two_stores,1.305647797
uncertain_the,1.305647797
uncertainties_and,1.305647797
uncertainties_are,1.305647797
uncertainty_are,1.305647797
uncertainty_but,1.305647797
uncertainty_if,1.305647797
uncertainty_into,1.305647797
uncertainty_than,1.305647797
uncertainty_will,1.305647797
units_with,1.305647797
utilization_and,1.305647797
variability_by,1.305647797
variability_is,1.305647797
variability_the,1.305647797
variable_demand,1.305647797
variable_than,1.305647797
vertical_integration,1.305647797
visibility_into,1.305647797
volume_and,1.305647797
wait_a,1.305647797
was_risk,1.305647797
weight_of,1.305647797
when_risk,1.305647797
with_capacity,1.305647797
with_consumer,1.305647797
with_retailers,1.305647797
with_unpredictable,1.305647797
without_risk,1.305647797
workforce_and,1.305647797
year_variable,1.305647797
a_backlog,0.870431865
a_barrel,0.870431865
a_box,0.870431865
a_brand,0.870431865
a_buffer,0.870431865
a_consolidation,0.870431865
a_degree,0.870431865
a_flow,0.870431865
a_location,0.870431865
a_move,0.870431865
a_products,0.870431865
a_reduced,0.870431865
a_segment,0.870431865
a_shipping,0.870431865
a_surge,0.870431865
a_sustainable,0.870431865
a_transition,0.870431865
a_volume,0.870431865
a_web,0.870431865
about_customer,0.870431865
about_demand,0.870431865
about_product,0.870431865
accurate_forecasts,0.870431865
act_of,0.870431865
adapt_to,0.870431865
added_services,0.870431865
address_issue,0.870431865
affect_customer,0.870431865
allocation_is,0.870431865
america_or,0.870431865
and_africa,0.870431865
and_air,0.870431865
and_auto,0.870431865
and_buyer,0.870431865
and_buying,0.870431865
and_china,0.870431865
and_environment,0.870431865
and_flexible,0.870431865
and_forecasts,0.870431865
and_fund,0.870431865
and_government,0.870431865
and_industrial,0.870431865
and_inflation,0.870431865
and_months,0.870431865
and_operators,0.870431865
and_overhead,0.870431865
and_parts,0.870431865
and_political,0.870431865
and_practice,0.870431865
and_reduction,0.870431865
and_regional,0.870431865
and_source,0.870431865
and_square,0.870431865
and_strategies,0.870431865
and_sustainability,0.870431865
and_transport,0.870431865
and_travel,0.870431865
and_trends,0.870431865
and_vendor,0.870431865
are_challenges,0.870431865
are_consistent,0.870431865
are_customers,0.870431865
are_far,0.870431865
are_longer,0.870431865
are_product,0.870431865
are_selling,0.870431865
are_strategic,0.870431865
areas_the,0.870431865
asia_in,0.870431865
asia_with,0.870431865
asset_price,0.870431865
assets_held,0.870431865
at_lands,0.870431865
auto_sales,0.870431865
available_a,0.870431865
be_cost,0.870431865
be_executed,0.870431865
be_sustainable,0.870431865
been_slow,0.870431865
best_practices,0.870431865
better_position,0.870431865
build_more,0.870431865
build_new,0.870431865
building_inventory,0.870431865
building_up,0.870431865
built_and,0.870431865
built_with,0.870431865
bulk_sale,0.870431865
business_processes,0.870431865
buy_more,0.870431865
buyers_are,0.870431865
buyers_in,0.870431865
buying_behavior,0.870431865
by_car,0.870431865
by_market,0.870431865
by_region,0.870431865
by_segment,0.870431865
cancellation_rate,0.870431865
capabilities_are,0.870431865
capabilities_in,0.870431865
capability_in,0.870431865
capability_is,0.870431865
capacity_from,0.870431865
capital_requirement,0.870431865
carrier_and,0.870431865
carriers_and,0.870431865
categories_in,0.870431865
category_is,0.870431865
center_for,0.870431865
center_in,0.870431865
certain_demand,0.870431865
chain_be,0.870431865
chain_issues,0.870431865
chains_a,0.870431865
challenges_of,0.870431865
change_and,0.870431865
changes_the,0.870431865
changing_market,0.870431865
china_is,0.870431865
china_the,0.870431865
close_by,0.870431865
coal_fired,0.870431865
collection_and,0.870431865
comes_in,0.870431865
company_overall,0.870431865
company_see,0.870431865
compensated_for,0.870431865
compete_against,0.870431865
compete_on,0.870431865
competition_in,0.870431865
competitive_market,0.870431865
competitive_response,0.870431865
component_cost,0.870431865
conditions_a,0.870431865
conditions_change,0.870431865
conditions_or,0.870431865
consolidation_in,0.870431865
contract_a,0.870431865
contracts_is,0.870431865
contribute_to,0.870431865
control_in,0.870431865
core_business,0.870431865
core_of,0.870431865
corporate_finance,0.870431865
cost_advantage,0.870431865
cost_based,0.870431865
cost_components,0.870431865
cost_into,0.870431865
cost_low,0.870431865
cost_product,0.870431865
cost_saving,0.870431865
cost_through,0.870431865
cost_well,0.870431865
cost_will,0.870431865
costs_an,0.870431865
costs_do,0.870431865
costs_down,0.870431865
costs_during,0.870431865
costs_given,0.870431865
costs_had,0.870431865
costs_higher,0.870431865
costs_including,0.870431865
costs_now,0.870431865
costs_or,0.870431865
costs_see,0.870431865
costs_through,0.870431865
costs_under,0.870431865
costs_variable,0.870431865
costs_within,0.870431865
costs_would,0.870431865
counting_and,0.870431865
critical_risk,0.870431865
ct_production,0.870431865
currency_fluctuation,0.870431865
current_customers,0.870431865
current_revenue,0.870431865
curve_in,0.870431865
customer_an,0.870431865
customer_buying,0.870431865
customer_price,0.870431865
customer_requirements,0.870431865
customer_specific,0.870431865
customer_type,0.870431865
customer_would,0.870431865
customers_by,0.870431865
customers_given,0.870431865
customers_go,0.870431865
customers_has,0.870431865
customers_looking,0.870431865
cutting_costs,0.870431865
cycle_has,0.870431865
cycles_a,0.870431865
cycles_have,0.870431865
cycles_of,0.870431865
cycles_the,0.870431865
decision_support,0.870431865
delay_in,0.870431865
delays_and,0.870431865
delivered_by,0.870431865
delivered_on,0.870431865
delivery_schedule,0.870431865
demand_how,0.870431865
demand_inventory,0.870431865
demand_not,0.870431865
demand_now,0.870431865
demand_trend,0.870431865
demand_well,0.870431865
demands_for,0.870431865
dependent_on,0.870431865
developing_markets,0.870431865
different_customer,0.870431865
difficult_time,0.870431865
direct_channel,0.870431865
disruption_in,0.870431865
distributed_a,0.870431865
distributor_and,0.870431865
door_to,0.870431865
drive_down,0.870431865
drivers_and,0.870431865
east_west,0.870431865
economic_development,0.870431865
economic_factors,0.870431865
economic_impacts,0.870431865
economic_performance,0.870431865
electronics_the,0.870431865
end_product,0.870431865
environment_can,0.870431865
environment_like,0.870431865
environment_may,0.870431865
environment_of,0.870431865
environment_will,0.870431865
equipment_manufacturers,0.870431865
euro_a,0.870431865
europe_to,0.870431865
evaluate_and,0.870431865
every_market,0.870431865
existing_customers,0.870431865
existing_facilities,0.870431865
existing_market,0.870431865
existing_product,0.870431865
facilities_a,0.870431865
facilities_with,0.870431865
facility_at,0.870431865
facility_with,0.870431865
factors_a,0.870431865
factors_given,0.870431865
factors_may,0.870431865
factors_sp,0.870431865
factors_will,0.870431865
far_less,0.870431865
financial_crisis,0.870431865
fit_in,0.870431865
flexibility_for,0.870431865
flexibility_with,0.870431865
flow_through,0.870431865
flowing_through,0.870431865
for_delivering,0.870431865
for_digital,0.870431865
for_distribution,0.870431865
for_energy,0.870431865
for_european,0.870431865
for_markets,0.870431865
for_material,0.870431865
for_profitable,0.870431865
for_raw,0.870431865
for_retailer,0.870431865
for_steel,0.870431865
for_target,0.870431865
for_value,0.870431865
forecast_given,0.870431865
forecasting_a,0.870431865
forecasting_an,0.870431865
frame_of,0.870431865
from_india,0.870431865
from_peak,0.870431865
from_potential,0.870431865
from_retailer,0.870431865
full_potential,0.870431865
further_reduce,0.870431865
future_plans,0.870431865
generate_positive,0.870431865
geographic_regions,0.870431865
get_customers,0.870431865
get_leverage,0.870431865
global_environment,0.870431865
global_operations,0.870431865
global_sales,0.870431865
good_product,0.870431865
grown_the,0.870431865
growth_at,0.870431865
growth_over,0.870431865
has_moved,0.870431865
have_produced,0.870431865
have_stores,0.870431865
have_volume,0.870431865
help_mitigate,0.870431865
helping_customers,0.870431865
high_degree,0.870431865
high_performance,0.870431865
high_variability,0.870431865
higher_fuel,0.870431865
higher_margins,0.870431865
higher_sales,0.870431865
hold_up,0.870431865
home_in,0.870431865
home_office,0.870431865
ht_number,0.870431865
if_uncertainty,0.870431865
impact_a,0.870431865
impact_is,0.870431865
improve_quality,0.870431865
improved_product,0.870431865
in_capacity,0.870431865
in_distribution,0.870431865
in_factories,0.870431865
in_factors,0.870431865
in_flexible,0.870431865
in_group,0.870431865
in_infrastructure,0.870431865
in_international,0.870431865
in_periods,0.870431865
in_purchase,0.870431865
in_russia,0.870431865
in_sourcing,0.870431865
in_southern,0.870431865
in_spain,0.870431865
in_supplier,0.870431865
in_taiwan,0.870431865
in_unit,0.870431865
in_variability,0.870431865
in_volume,0.870431865
increase_market,0.870431865
increase_production,0.870431865
increased_use,0.870431865
increasing_uncertainty,0.870431865
india_are,0.870431865
industries_have,0.870431865
inform_the,0.870431865
innovation_in,0.870431865
innovation_is,0.870431865
inputs_a,0.870431865
integrated_the,0.870431865
integration_is,0.870431865
international_trade,0.870431865
into_production,0.870431865
inventory_position,0.870431865
inventory_positions,0.870431865
inventory_reduction,0.870431865
invested_and,0.870431865
invested_heavily,0.870431865
investment_the,0.870431865
is_customers,0.870431865
is_exposed,0.870431865
is_global,0.870431865
is_hit,0.870431865
is_near,0.870431865
is_time,0.870431865
japan_was,0.870431865
japan_with,0.870431865
japanese_customers,0.870431865
joint_venture,0.870431865
just_about,0.870431865
keep_costs,0.870431865
labor_for,0.870431865
large_customer,0.870431865
large_order,0.870431865
larger_customers,0.870431865
late_to,0.870431865
later_on,0.870431865
lease_at,0.870431865
less_uncertainty,0.870431865
levels_can,0.870431865
levels_for,0.870431865
levels_the,0.870431865
limited_amount,0.870431865
line_can,0.870431865
little_uncertainty,0.870431865
local_markets,0.870431865
locate_a,0.870431865
located_a,0.870431865
located_and,0.870431865
located_on,0.870431865
location_be,0.870431865
locations_is,0.870431865
locations_to,0.870431865
longer_periods,0.870431865
low_end,0.870431865
low_margin,0.870431865
lower_margins,0.870431865
mail_and,0.870431865
major_markets,0.870431865
management_program,0.870431865
management_see,0.870431865
managers_have,0.870431865
manufacturing_service,0.870431865
margin_can,0.870431865
margin_per,0.870431865
margins_and,0.870431865
margins_because,0.870431865
market_based,0.870431865
market_be,0.870431865
market_growth,0.870431865
market_has,0.870431865
market_rates,0.870431865
market_risk,0.870431865
market_segments,0.870431865
market_with,0.870431865
marketing_is,0.870431865
marketing_the,0.870431865
markets_be,0.870431865
markets_have,0.870431865
markets_how,0.870431865
markets_of,0.870431865
markets_were,0.870431865
materials_the,0.870431865
maximizing_the,0.870431865
may_cause,0.870431865
measures_for,0.870431865
medical_device,0.870431865
mexico_a,0.870431865
michigan_and,0.870431865
mind_risk,0.870431865
model_by,0.870431865
model_of,0.870431865
models_is,0.870431865
more_capacity,0.870431865
more_customer,0.870431865
more_global,0.870431865
more_production,0.870431865
more_products,0.870431865
more_profitable,0.870431865
more_reliable,0.870431865
more_time,0.870431865
more_uncertain,0.870431865
more_units,0.870431865
more_value,0.870431865
motors_and,0.870431865
move_product,0.870431865
moving_and,0.870431865
moving_away,0.870431865
moving_the,0.870431865
moving_toward,0.870431865
mutually_beneficial,0.870431865
natural_disasters,0.870431865
new_customer,0.870431865
new_entrants,0.870431865
new_facility,0.870431865
new_location,0.870431865
new_supply,0.870431865
not_forecast,0.870431865
not_guarantee,0.870431865
of_acquisition,0.870431865
of_air,0.870431865
of_brands,0.870431865
of_buyers,0.870431865
of_cancellations,0.870431865
of_carbon,0.870431865
of_communication,0.870431865
of_design,0.870431865
of_disruption,0.870431865
of_drivers,0.870431865
of_dynamic,0.870431865
of_efficiency,0.870431865
of_eliminating,0.870431865
of_environmental,0.870431865
of_euro,0.870431865
of_funding,0.870431865
of_impact,0.870431865
of_input,0.870431865
of_integration,0.870431865
of_location,0.870431865
of_locations,0.870431865
of_margin,0.870431865
of_member,0.870431865
of_modes,0.870431865
of_opportunities,0.870431865
of_option,0.870431865
of_performing,0.870431865
of_planned,0.870431865
of_plants,0.870431865
of_retailer,0.870431865
of_storage,0.870431865
of_strategies,0.870431865
of_utilization,0.870431865
of_vehicles,0.870431865
of_vendor,0.870431865
of_volatility,0.870431865
on_available,0.870431865
on_building,0.870431865
on_consumer,0.870431865
on_customers,0.870431865
on_impact,0.870431865
on_maximizing,0.870431865
on_minimizing,0.870431865
on_network,0.870431865
on_online,0.870431865
on_origin,0.870431865
on_package,0.870431865
on_raw,0.870431865
on_revenues,0.870431865
on_seasonal,0.870431865
on_selling,0.870431865
on_timing,0.870431865
online_a,0.870431865
operating_with,0.870431865
operational_improvements,0.870431865
operational_issues,0.870431865
opportunities_from,0.870431865
options_a,0.870431865
options_are,0.870431865
or_building,0.870431865
or_customer,0.870431865
or_far,0.870431865
or_increase,0.870431865
or_manufacturing,0.870431865
or_marketing,0.870431865
or_move,0.870431865
or_retailer,0.870431865
or_retailers,0.870431865
or_returns,0.870431865
or_shipments,0.870431865
or_storage,0.870431865
or_uncertain,0.870431865
orders_an,0.870431865
orders_but,0.870431865
orders_receive,0.870431865
orders_so,0.870431865
outcomes_in,0.870431865
outsourcing_and,0.870431865
over_cost,0.870431865
own_production,0.870431865
particular_product,0.870431865
parties_and,0.870431865
party_and,0.870431865
passing_on,0.870431865
peak_to,0.870431865
per_pound,0.870431865
performance_expectations,0.870431865
performance_improvement,0.870431865
performance_on,0.870431865
performance_or,0.870431865
performed_a,0.870431865
phase_in,0.870431865
pickup_in,0.870431865
pipeline_and,0.870431865
place_with,0.870431865
planned_in,0.870431865
planning_an,0.870431865
planning_process,0.870431865
plant_or,0.870431865
plant_will,0.870431865
portfolio_approach,0.870431865
possibility_is,0.870431865
practices_and,0.870431865
predictability_of,0.870431865
predictable_a,0.870431865
predictable_in,0.870431865
predictable_or,0.870431865
price_can,0.870431865
price_changes,0.870431865
price_competition,0.870431865
price_fluctuation,0.870431865
price_reduction,0.870431865
prices_a,0.870431865
pricing_are,0.870431865
pricing_increases,0.870431865
pricing_over,0.870431865
pricing_product,0.870431865
procurement_of,0.870431865
produce_at,0.870431865
product_like,0.870431865
product_on,0.870431865
product_portfolio,0.870431865
product_pricing,0.870431865
product_sale,0.870431865
product_well,0.870431865
production_environment,0.870431865
production_volumes,0.870431865
products_because,0.870431865
products_given,0.870431865
products_was,0.870431865
products_while,0.870431865
products_within,0.870431865
profits_or,0.870431865
program_in,0.870431865
providing_customers,0.870431865
qualify_for,0.870431865
quality_a,0.870431865
range_for,0.870431865
range_is,0.870431865
rate_fluctuation,0.870431865
rates_because,0.870431865
rates_have,0.870431865
rates_over,0.870431865
reduce_fixed,0.870431865
reducing_uncertainty,0.870431865
reduction_efforts,0.870431865
regions_and,0.870431865
regions_are,0.870431865
regions_have,0.870431865
regulation_in,0.870431865
relatively_quick,0.870431865
restaurant_reservation,0.870431865
restructure_the,0.870431865
result_has,0.870431865
retail_demand,0.870431865
return_over,0.870431865
revenue_if,0.870431865
review_period,0.870431865
right_away,0.870431865
right_price,0.870431865
rise_of,0.870431865
risk_factor,0.870431865
risk_management,0.870431865
risk_onto,0.870431865
risk_premium,0.870431865
risks_a,0.870431865
risks_for,0.870431865
roll_out,0.870431865
rop_and,0.870431865
sales_cycle,0.870431865
sales_has,0.870431865
sales_outstanding,0.870431865
same_product,0.870431865
scaled_back,0.870431865
scope_and,0.870431865
seasonality_of,0.870431865
see_forward,0.870431865
segment_are,0.870431865
segments_with,0.870431865
sellers_are,0.870431865
sense_given,0.870431865
serve_customer,0.870431865
service_providers,0.870431865
service_requirements,0.870431865
service_with,0.870431865
services_offered,0.870431865
share_risk,0.870431865
sharing_and,0.870431865
sharing_mechanism,0.870431865
shifting_to,0.870431865
ship_and,0.870431865
ship_the,0.870431865
shipments_and,0.870431865
shipped_in,0.870431865
shipping_product,0.870431865
short_period,0.870431865
shortfall_in,0.870431865
significant_cost,0.870431865
significant_price,0.870431865
significantly_reduced,0.870431865
size_be,0.870431865
so_customers,0.870431865
software_companies,0.870431865
solution_for,0.870431865
source_an,0.870431865
source_in,0.870431865
source_product,0.870431865
sourcing_the,0.870431865
south_africa,0.870431865
space_will,0.870431865
spend_in,0.870431865
spread_over,0.870431865
stability_of,0.870431865
stage_for,0.870431865
stages_a,0.870431865
steel_industry,0.870431865
storage_capacity,0.870431865
store_an,0.870431865
stores_so,0.870431865
strategic_advantage,0.870431865
strategic_objectives,0.870431865
strategy_or,0.870431865
strong_financial,0.870431865
structuring_a,0.870431865
supplier_a,0.870431865
supplies_a,0.870431865
supply_base,0.870431865
supply_or,0.870431865
supply_side,0.870431865
support_and,0.870431865
sustainability_a,0.870431865
sustainability_and,0.870431865
switching_to,0.870431865
target_and,0.870431865
tariffs_have,0.870431865
team_with,0.870431865
technologies_have,0.870431865
technology_infrastructure,0.870431865
term_contract,0.870431865
term_impact,0.870431865
term_relationships,0.870431865
the_alliance,0.870431865
the_area,0.870431865
the_areas,0.870431865
the_asia,0.870431865
the_automobile,0.870431865
the_banking,0.870431865
the_border,0.870431865
the_brakes,0.870431865
the_buyers,0.870431865
the_cap,0.870431865
the_capabilities,0.870431865
the_challenges,0.870431865
the_consolidation,0.870431865
the_consumers,0.870431865
the_demands,0.870431865
the_developing,0.870431865
the_financials,0.870431865
the_geographic,0.870431865
the_intermediate,0.870431865
the_joint,0.870431865
the_load,0.870431865
the_macro,0.870431865
the_operation,0.870431865
the_regions,0.870431865
the_reputation,0.870431865
the_resolution,0.870431865
the_route,0.870431865
the_speed,0.870431865
the_spending,0.870431865
the_systems,0.870431865
the_tool,0.870431865
the_transformation,0.870431865
the_transport,0.870431865
the_trip,0.870431865
the_uncertainties,0.870431865
the_ups,0.870431865
the_utilization,0.870431865
the_volatility,0.870431865
time_costs,0.870431865
time_given,0.870431865
time_out,0.870431865
time_see,0.870431865
time_than,0.870431865
times_to,0.870431865
times_were,0.870431865
to_air,0.870431865
to_asia,0.870431865
to_break,0.870431865
to_buying,0.870431865
to_competition,0.870431865
to_complement,0.870431865
to_dampen,0.870431865
to_dealers,0.870431865
to_direct,0.870431865
to_divide,0.870431865
to_effectively,0.870431865
to_integrate,0.870431865
to_lead,0.870431865
to_model,0.870431865
to_near,0.870431865
to_online,0.870431865
to_orders,0.870431865
to_pricing,0.870431865
to_real,0.870431865
to_refund,0.870431865
to_reserve,0.870431865
to_restructure,0.870431865
to_roll,0.870431865
to_segment,0.870431865
to_strengthen,0.870431865
total_volume,0.870431865
trade_the,0.870431865
traffic_is,0.870431865
traffic_to,0.870431865
transport_a,0.870431865
trends_and,0.870431865
trends_for,0.870431865
uncertainties_in,0.870431865
uncertainty_about,0.870431865
uncertainty_across,0.870431865
uncertainty_because,0.870431865
uncertainty_by,0.870431865
uncertainty_high,0.870431865
uncertainty_with,0.870431865
union_and,0.870431865
unit_a,0.870431865
units_be,0.870431865
unpredictable_and,0.870431865
up_capacity,0.870431865
use_technology,0.870431865
using_technology,0.870431865
value_be,0.870431865
value_product,0.870431865
value_through,0.870431865
variability_a,0.870431865
variability_through,0.870431865
variable_with,0.870431865
varying_price,0.870431865
very_uncertain,0.870431865
visibility_the,0.870431865
volumes_are,0.870431865
volumes_of,0.870431865
wal_mart,0.870431865
was_down,0.870431865
website_the,0.870431865
weight_and,0.870431865
when_volumes,0.870431865
while_making,0.870431865
will_buy,0.870431865
will_delay,0.870431865
will_lead,0.870431865
will_occur,0.870431865
with_competitive,0.870431865
with_cost,0.870431865
with_distribution,0.870431865
with_distributors,0.870431865
with_forecast,0.870431865
with_part,0.870431865
with_partners,0.870431865
with_stable,0.870431865
with_store,0.870431865
with_strategic,0.870431865
with_supplier,0.870431865
with_traditional,0.870431865
worked_very,0.870431865
working_to,0.870431865
a_collaboration,0.435215932
a_consolidated,0.435215932
a_costs,0.435215932
a_customers,0.435215932
a_deal,0.435215932
a_delay,0.435215932
a_disruption,0.435215932
a_euro,0.435215932
a_expenses,0.435215932
a_fleet,0.435215932
a_gas,0.435215932
a_guaranteed,0.435215932
a_investment,0.435215932
a_late,0.435215932
a_licensing,0.435215932
a_make,0.435215932
a_marketing,0.435215932
a_merger,0.435215932
a_miles,0.435215932
a_mode,0.435215932
a_pipeline,0.435215932
a_platform,0.435215932
a_port,0.435215932
a_recession,0.435215932
a_refiner,0.435215932
a_refinery,0.435215932
a_reliable,0.435215932
a_results,0.435215932
a_smooth,0.435215932
a_spike,0.435215932
a_tariff,0.435215932
a_variability,0.435215932
a_viable,0.435215932
a_virtual,0.435215932
a_water,0.435215932
a_wireless,0.435215932
abilities_a,0.435215932
ability_for,0.435215932
ability_the,0.435215932
about_days,0.435215932
about_inventory,0.435215932
about_making,0.435215932
about_market,0.435215932
about_miles,0.435215932
accurate_a,0.435215932
accurately_predict,0.435215932
achieve_objectives,0.435215932
acquisition_by,0.435215932
across_business,0.435215932
across_segments,0.435215932
acting_to,0.435215932
action_in,0.435215932
activity_be,0.435215932
activity_has,0.435215932
actual_event,0.435215932
actual_outcomes,0.435215932
actual_sale,0.435215932
add_capacity,0.435215932
added_product,0.435215932
adding_capacity,0.435215932
addition_variable,0.435215932
additional_investment,0.435215932
additional_market,0.435215932
additional_revenue,0.435215932
additional_revenues,0.435215932
additional_value,0.435215932
administrative_cost,0.435215932
adversely_impact,0.435215932
agreements_the,0.435215932
air_the,0.435215932
air_to,0.435215932
allocation_a,0.435215932
allocation_decision,0.435215932
allocations_to,0.435215932
almost_half,0.435215932
also_invested,0.435215932
alternatives_and,0.435215932
an_air,0.435215932
an_environmental,0.435215932
an_hour,0.435215932
an_infrastructure,0.435215932
an_ongoing,0.435215932
an_operation,0.435215932
an_unpredictable,0.435215932
analytics_an,0.435215932
and_actions,0.435215932
and_allocate,0.435215932
and_brands,0.435215932
and_buyers,0.435215932
and_capabilities,0.435215932
and_carries,0.435215932
and_chinese,0.435215932
and_climate,0.435215932
and_collaboration,0.435215932
and_commerce,0.435215932
and_complete,0.435215932
and_consolidation,0.435215932
and_crude,0.435215932
and_currencies,0.435215932
and_dealers,0.435215932
and_degree,0.435215932
and_develop,0.435215932
and_discount,0.435215932
and_downstream,0.435215932
and_drivers,0.435215932
and_duration,0.435215932
and_efficiently,0.435215932
and_emerging,0.435215932
and_enterprises,0.435215932
and_expensive,0.435215932
and_export,0.435215932
and_flows,0.435215932
and_freight,0.435215932
and_functional,0.435215932
and_gamble,0.435215932
and_hiring,0.435215932
and_import,0.435215932
and_industries,0.435215932
and_industry,0.435215932
and_inform,0.435215932
and_invested,0.435215932
and_japan,0.435215932
and_levels,0.435215932
and_limit,0.435215932
and_margins,0.435215932
and_measure,0.435215932
and_offers,0.435215932
and_optimize,0.435215932
and_ownership,0.435215932
and_pack,0.435215932
and_pipeline,0.435215932
and_plant,0.435215932
and_predictability,0.435215932
and_procurement,0.435215932
and_prospects,0.435215932
and_rail,0.435215932
and_recall,0.435215932
and_regulation,0.435215932
and_reliability,0.435215932
and_reliable,0.435215932
and_research,0.435215932
and_reserve,0.435215932
and_resolution,0.435215932
and_resource,0.435215932
and_restriction,0.435215932
and_restrictions,0.435215932
and_risk,0.435215932
and_scale,0.435215932
and_scope,0.435215932
and_seller,0.435215932
and_separate,0.435215932
and_shipment,0.435215932
and_space,0.435215932
and_start,0.435215932
and_stores,0.435215932
and_subscription,0.435215932
and_taiwan,0.435215932
and_technologies,0.435215932
and_timing,0.435215932
and_train,0.435215932
and_transition,0.435215932
and_unpredictable,0.435215932
and_update,0.435215932
and_updated,0.435215932
and_utility,0.435215932
and_utilization,0.435215932
and_valuable,0.435215932
and_vendors,0.435215932
and_washington,0.435215932
and_west,0.435215932
annual_variable,0.435215932
anticipated_market,0.435215932
anticipated_to,0.435215932
appropriate_price,0.435215932
appropriate_pricing,0.435215932
are_buying,0.435215932
are_components,0.435215932
are_contained,0.435215932
are_cost,0.435215932
are_focused,0.435215932
are_market,0.435215932
are_products,0.435215932
are_profit,0.435215932
are_safe,0.435215932
are_solutions,0.435215932
are_targeting,0.435215932
are_volatile,0.435215932
area_and,0.435215932
area_because,0.435215932
area_so,0.435215932
areas_could,0.435215932
areas_for,0.435215932
asia_pacific,0.435215932
asia_to,0.435215932
assembly_a,0.435215932
assets_through,0.435215932
assets_while,0.435215932
at_company,0.435215932
at_costs,0.435215932
at_model,0.435215932
at_peak,0.435215932
at_product,0.435215932
at_reducing,0.435215932
at_risk,0.435215932
at_sales,0.435215932
at_times,0.435215932
auto_market,0.435215932
automotive_production,0.435215932
availability_a,0.435215932
available_capital,0.435215932
available_or,0.435215932
average_revenue,0.435215932
away_of,0.435215932
back_up,0.435215932
backlog_at,0.435215932
backlog_of,0.435215932
banking_in,0.435215932
barrel_and,0.435215932
barrier_to,0.435215932
based_or,0.435215932
based_products,0.435215932
basis_is,0.435215932
be_delayed,0.435215932
be_financed,0.435215932
be_fixed,0.435215932
be_integrated,0.435215932
be_sea,0.435215932
be_selling,0.435215932
be_uncertainty,0.435215932
be_unpredictable,0.435215932
bearing_on,0.435215932
being_made,0.435215932
benefit_cost,0.435215932
best_opportunity,0.435215932
best_price,0.435215932
bid_on,0.435215932
big_box,0.435215932
biggest_driver,0.435215932
booking_and,0.435215932
borrowing_rate,0.435215932
boxes_a,0.435215932
brand_a,0.435215932
brand_awareness,0.435215932
brand_is,0.435215932
brand_new,0.435215932
brand_the,0.435215932
brands_in,0.435215932
brazil_a,0.435215932
brazil_the,0.435215932
bring_back,0.435215932
bring_product,0.435215932
broad_product,0.435215932
build_for,0.435215932
build_is,0.435215932
building_an,0.435215932
built_by,0.435215932
business_areas,0.435215932
business_around,0.435215932
business_how,0.435215932
business_leaders,0.435215932
business_like,0.435215932
business_new,0.435215932
business_practice,0.435215932
business_though,0.435215932
business_unit,0.435215932
business_very,0.435215932
business_while,0.435215932
businesses_from,0.435215932
but_move,0.435215932
buy_of,0.435215932
buy_on,0.435215932
buyback_and,0.435215932
buybacks_a,0.435215932
buyer_a,0.435215932
buyer_of,0.435215932
buying_at,0.435215932
buying_decisions,0.435215932
buying_the,0.435215932
by_buying,0.435215932
by_country,0.435215932
by_expanding,0.435215932
by_geography,0.435215932
by_hedging,0.435215932
by_limiting,0.435215932
by_month,0.435215932
by_own,0.435215932
by_production,0.435215932
by_uncertainty,0.435215932
by_visiting,0.435215932
can_build,0.435215932
can_control,0.435215932
can_deliver,0.435215932
can_fluctuate,0.435215932
can_minimize,0.435215932
can_operate,0.435215932
can_pay,0.435215932
capabilities_to,0.435215932
capability_and,0.435215932
capability_for,0.435215932
capacity_an,0.435215932
capacity_risk,0.435215932
capital_available,0.435215932
capital_given,0.435215932
capital_investment,0.435215932
capital_projects,0.435215932
capital_required,0.435215932
capital_support,0.435215932
capture_and,0.435215932
car_sales,0.435215932
carriers_have,0.435215932
carriers_in,0.435215932
carry_in,0.435215932
carry_more,0.435215932
cases_are,0.435215932
categories_with,0.435215932
category_in,0.435215932
cause_financial,0.435215932
cement_is,0.435215932
center_and,0.435215932
center_to,0.435215932
ceo_of,0.435215932
certain_areas,0.435215932
certain_factors,0.435215932
chain_but,0.435215932
chain_disruption,0.435215932
chain_risks,0.435215932
chain_so,0.435215932
challenges_have,0.435215932
challenges_in,0.435215932
change_rates,0.435215932
channel_a,0.435215932
channels_a,0.435215932
channels_in,0.435215932
charges_is,0.435215932
chemical_company,0.435215932
chemical_in,0.435215932
chief_operating,0.435215932
china_also,0.435215932
china_at,0.435215932
china_were,0.435215932
chinese_market,0.435215932
choices_and,0.435215932
circumstances_may,0.435215932
claim_the,0.435215932
clients_are,0.435215932
climate_and,0.435215932
closings_and,0.435215932
coal_is,0.435215932
collaboration_a,0.435215932
color_a,0.435215932
combined_company,0.435215932
coming_quarter,0.435215932
commerce_a,0.435215932
commitment_for,0.435215932
commodity_in,0.435215932
commodity_markets,0.435215932
companies_an,0.435215932
companies_face,0.435215932
companies_had,0.435215932
company_called,0.435215932
company_ceo,0.435215932
company_invest,0.435215932
company_through,0.435215932
compete_effectively,0.435215932
competing_against,0.435215932
competing_for,0.435215932
competition_a,0.435215932
competition_is,0.435215932
competition_with,0.435215932
competition_within,0.435215932
competitive_factors,0.435215932
competitive_pressure,0.435215932
competitive_the,0.435215932
competitiveness_a,0.435215932
competitiveness_of,0.435215932
competitors_may,0.435215932
complete_information,0.435215932
complexity_a,0.435215932
component_but,0.435215932
component_or,0.435215932
component_shortage,0.435215932
component_shortages,0.435215932
component_with,0.435215932
components_to,0.435215932
composition_of,0.435215932
concentrated_in,0.435215932
conditions_by,0.435215932
conditions_should,0.435215932
consider_factors,0.435215932
considerable_variability,0.435215932
consistent_growth,0.435215932
consolidate_and,0.435215932
consolidate_the,0.435215932
consolidated_and,0.435215932
consolidated_on,0.435215932
constraints_a,0.435215932
constraints_on,0.435215932
construction_costs,0.435215932
consumer_is,0.435215932
consumer_markets,0.435215932
consumer_preference,0.435215932
consumer_preferences,0.435215932
consumer_product,0.435215932
consumer_to,0.435215932
consumers_in,0.435215932
contingencies_a,0.435215932
contingency_plans,0.435215932
continue_growing,0.435215932
continue_growth,0.435215932
continue_into,0.435215932
continuing_in,0.435215932
contract_at,0.435215932
contract_manufacturing,0.435215932
contract_terms,0.435215932
contractors_and,0.435215932
contracts_on,0.435215932
contracts_or,0.435215932
contribution_margin,0.435215932
contribution_margins,0.435215932
core_and,0.435215932
core_customers,0.435215932
core_operating,0.435215932
core_product,0.435215932
corporation_business,0.435215932
cost_actions,0.435215932
cost_benefit,0.435215932
cost_category,0.435215932
cost_competitive,0.435215932
cost_effectively,0.435215932
cost_estimates,0.435215932
cost_impact,0.435215932
cost_level,0.435215932
cost_lower,0.435215932
cost_mode,0.435215932
cost_performance,0.435215932
cost_perspective,0.435215932
cost_related,0.435215932
cost_take,0.435215932
costs_add,0.435215932
costs_be,0.435215932
costs_come,0.435215932
costs_customer,0.435215932
costs_fi,0.435215932
costs_fixed,0.435215932
costs_high,0.435215932
costs_manufacturing,0.435215932
costs_op,0.435215932
costs_re,0.435215932
costs_remain,0.435215932
costs_represent,0.435215932
costs_result,0.435215932
costs_so,0.435215932
costs_was,0.435215932
could_build,0.435215932
could_produce,0.435215932
could_provide,0.435215932
countries_a,0.435215932
countries_are,0.435215932
countries_have,0.435215932
country_but,0.435215932
country_has,0.435215932
country_of,0.435215932
create_value,0.435215932
crisis_in,0.435215932
crude_prices,0.435215932
currencies_are,0.435215932
currency_and,0.435215932
current_environment,0.435215932
current_production,0.435215932
current_rate,0.435215932
current_sales,0.435215932
currently_available,0.435215932
customer_demands,0.435215932
customer_feedback,0.435215932
customer_focus,0.435215932
customer_inventory,0.435215932
customer_per,0.435215932
customer_perspective,0.435215932
customer_relations,0.435215932
customer_relationship,0.435215932
customers_about,0.435215932
customers_around,0.435215932
customers_delay,0.435215932
customers_feel,0.435215932
customers_get,0.435215932
customers_li,0.435215932
customers_may,0.435215932
customers_part,0.435215932
customers_really,0.435215932
customers_reduce,0.435215932
customers_would,0.435215932
cut_costs,0.435215932
danger_of,0.435215932
dangerous_in,0.435215932
data_have,0.435215932
data_see,0.435215932
day_given,0.435215932
day_more,0.435215932
day_period,0.435215932
day_sales,0.435215932
days_an,0.435215932
deal_at,0.435215932
deal_do,0.435215932
deal_for,0.435215932
deal_the,0.435215932
dealer_in,0.435215932
decision_process,0.435215932
decline_by,0.435215932
decreased_with,0.435215932
degrees_of,0.435215932
delay_a,0.435215932
delay_of,0.435215932
delay_the,0.435215932
delayed_and,0.435215932
delayed_in,0.435215932
delays_a,0.435215932
delays_in,0.435215932
deliver_and,0.435215932
deliver_product,0.435215932
deliver_products,0.435215932
deliveries_and,0.435215932
deliveries_in,0.435215932
delivering_the,0.435215932
delivery_an,0.435215932
delivery_dates,0.435215932
delivery_system,0.435215932
demand_also,0.435215932
demand_an,0.435215932
demand_coming,0.435215932
demand_do,0.435215932
demand_due,0.435215932
demand_grow,0.435215932
demand_growth,0.435215932
demand_imbalance,0.435215932
demand_levels,0.435215932
demand_market,0.435215932
demand_remains,0.435215932
demand_side,0.435215932
demand_so,0.435215932
demand_trends,0.435215932
department_of,0.435215932
designed_an,0.435215932
designed_and,0.435215932
designed_for,0.435215932
designed_in,0.435215932
designs_a,0.435215932
developed_and,0.435215932
developed_by,0.435215932
developed_market,0.435215932
developed_markets,0.435215932
development_at,0.435215932
development_effort,0.435215932
development_in,0.435215932
development_is,0.435215932
development_strategy,0.435215932
developments_in,0.435215932
different_areas,0.435215932
different_market,0.435215932
different_parts,0.435215932
different_risks,0.435215932
different_segment,0.435215932
differentiation_a,0.435215932
difficult_environment,0.435215932
discretionary_spending,0.435215932
discuss_risk,0.435215932
disease_is,0.435215932
display_and,0.435215932
disruption_from,0.435215932
distribution_channels,0.435215932
distributor_a,0.435215932
distributors_a,0.435215932
distributors_are,0.435215932
division_and,0.435215932
do_about,0.435215932
do_build,0.435215932
do_now,0.435215932
do_recall,0.435215932
does_business,0.435215932
dollar_a,0.435215932
dollar_terms,0.435215932
down_costs,0.435215932
down_percent,0.435215932
downside_risks,0.435215932
downside_to,0.435215932
drivers_be,0.435215932
drives_the,0.435215932
drugs_in,0.435215932
durability_of,0.435215932
duration_a,0.435215932
during_times,0.435215932
dynamic_and,0.435215932
early_phase,0.435215932
early_stages,0.435215932
east_coast,0.435215932
east_with,0.435215932
eastern_europe,0.435215932
economic_slowdown,0.435215932
economics_of,0.435215932
economies_and,0.435215932
economies_are,0.435215932
effective_risk,0.435215932
effectively_compete,0.435215932
effectively_manage,0.435215932
efficiency_improve,0.435215932
electric_a,0.435215932
electric_power,0.435215932
electronics_and,0.435215932
electronics_in,0.435215932
emissions_a,0.435215932
employee_related,0.435215932
employees_of,0.435215932
enables_to,0.435215932
end_customers,0.435215932
ends_at,0.435215932
energy_an,0.435215932
energy_costs,0.435215932
energy_in,0.435215932
engine_in,0.435215932
enterprise_in,0.435215932
entire_business,0.435215932
entire_organization,0.435215932
entire_risk,0.435215932
entry_into,0.435215932
environment_a,0.435215932
environment_but,0.435215932
environment_has,0.435215932
environment_including,0.435215932
environment_was,0.435215932
environment_when,0.435215932
environment_while,0.435215932
environment_with,0.435215932
environments_an,0.435215932
equipped_to,0.435215932
europe_in,0.435215932
europe_or,0.435215932
europe_the,0.435215932
europe_well,0.435215932
europe_will,0.435215932
europe_with,0.435215932
european_countries,0.435215932
exceeded_expectations,0.435215932
existing_infrastructure,0.435215932
exit_the,0.435215932
expanded_to,0.435215932
expansion_into,0.435215932
expected_sale,0.435215932
expense_do,0.435215932
expense_from,0.435215932
expense_li,0.435215932
experienced_in,0.435215932
extent_do,0.435215932
facilities_were,0.435215932
facility_are,0.435215932
facility_has,0.435215932
facility_or,0.435215932
facility_so,0.435215932
facing_uncertain,0.435215932
factor_a,0.435215932
factor_into,0.435215932
factor_with,0.435215932
factories_a,0.435215932
factors_also,0.435215932
factors_because,0.435215932
factors_before,0.435215932
factors_carefully,0.435215932
factors_could,0.435215932
factors_described,0.435215932
factors_into,0.435215932
factors_of,0.435215932
factors_on,0.435215932
factors_outside,0.435215932
factors_see,0.435215932
factors_st,0.435215932
factors_uncertainties,0.435215932
factors_when,0.435215932
fair_amount,0.435215932
far_away,0.435215932
fast_the,0.435215932
features_and,0.435215932
fee_and,0.435215932
feet_on,0.435215932
field_in,0.435215932
field_service,0.435215932
financial_return,0.435215932
financial_uncertainty,0.435215932
financing_costs,0.435215932
fire_and,0.435215932
firm_control,0.435215932
firm_transportation,0.435215932
firms_an,0.435215932
fit_level,0.435215932
fit_to,0.435215932
fixed_a,0.435215932
fixed_but,0.435215932
fixed_operating,0.435215932
fixed_over,0.435215932
fixed_rate,0.435215932
fleet_to,0.435215932
flexibility_a,0.435215932
flexibility_during,0.435215932
flexibility_on,0.435215932
flexible_a,0.435215932
flexible_in,0.435215932
flight_a,0.435215932
flow_a,0.435215932
flow_stream,0.435215932
flu_season,0.435215932
fluctuating_demand,0.435215932
fluctuation_and,0.435215932
following_risks,0.435215932
for_asia,0.435215932
for_brand,0.435215932
for_brands,0.435215932
for_capacity,0.435215932
for_china,0.435215932
for_class,0.435215932
for_competitors,0.435215932
for_consumers,0.435215932
for_custom,0.435215932
for_dealer,0.435215932
for_effort,0.435215932
for_environment,0.435215932
for_export,0.435215932
for_factor,0.435215932
for_factors,0.435215932
for_improved,0.435215932
for_joint,0.435215932
for_managing,0.435215932
for_manufacturing,0.435215932
for_marketing,0.435215932
for_members,0.435215932
for_opportunities,0.435215932
for_parties,0.435215932
for_region,0.435215932
for_risk,0.435215932
for_risks,0.435215932
for_solution,0.435215932
for_space,0.435215932
for_test,0.435215932
for_uncertainties,0.435215932
for_varying,0.435215932
forecast_are,0.435215932
forecast_because,0.435215932
forecast_on,0.435215932
forecast_risk,0.435215932
forecast_would,0.435215932
forecasted_or,0.435215932
forecasts_a,0.435215932
forecasts_in,0.435215932
forecasts_or,0.435215932
formed_a,0.435215932
forward_into,0.435215932
foundation_of,0.435215932
fourth_quarters,0.435215932
frame_and,0.435215932
free_up,0.435215932
from_contract,0.435215932
from_currency,0.435215932
from_eco,0.435215932
from_europe,0.435215932
from_global,0.435215932
from_growth,0.435215932
from_markets,0.435215932
from_million,0.435215932
from_operation,0.435215932
from_products,0.435215932
from_source,0.435215932
from_strategic,0.435215932
fuel_cost,0.435215932
fuel_is,0.435215932
full_production,0.435215932
fully_integrated,0.435215932
fully_operational,0.435215932
funding_and,0.435215932
future_customer,0.435215932
future_of,0.435215932
future_or,0.435215932
future_orders,0.435215932
future_production,0.435215932
future_uncertainties,0.435215932
future_uncertainty,0.435215932
gaining_share,0.435215932
geography_and,0.435215932
geopolitical_uncertainty,0.435215932
get_customer,0.435215932
get_lower,0.435215932
get_market,0.435215932
getting_from,0.435215932
given_market,0.435215932
given_uncertain,0.435215932
given_uncertainty,0.435215932
global_and,0.435215932
global_auto,0.435215932
global_economy,0.435215932
global_political,0.435215932
global_reach,0.435215932
global_risk,0.435215932
globally_a,0.435215932
globally_the,0.435215932
globe_a,0.435215932
go_out,0.435215932
good_customer,0.435215932
good_quality,0.435215932
good_use,0.435215932
government_services,0.435215932
greater_flexibility,0.435215932
greater_focus,0.435215932
greater_value,0.435215932
greater_visibility,0.435215932
grew_to,0.435215932
grow_and,0.435215932
grow_revenue,0.435215932
growing_in,0.435215932
growing_markets,0.435215932
growth_an,0.435215932
growth_are,0.435215932
growth_coming,0.435215932
growth_to,0.435215932
growth_while,0.435215932
has_expanded,0.435215932
have_capacity,0.435215932
have_consolidated,0.435215932
have_costs,0.435215932
have_dire,0.435215932
have_flexibility,0.435215932
have_forecast,0.435215932
have_limited,0.435215932
have_market,0.435215932
have_order,0.435215932
have_reduced,0.435215932
have_revenue,0.435215932
have_shifted,0.435215932
have_sold,0.435215932
have_structured,0.435215932
have_uncertain,0.435215932
hazardous_air,0.435215932
hazardous_substances,0.435215932
health_care,0.435215932
hedge_against,0.435215932
help_customers,0.435215932
high_efficiency,0.435215932
high_speed,0.435215932
high_variable,0.435215932
higher_oil,0.435215932
higher_product,0.435215932
higher_revenue,0.435215932
higher_uncertainty,0.435215932
higher_variable,0.435215932
highest_quality,0.435215932
highly_differentiated,0.435215932
highly_volatile,0.435215932
historical_trends,0.435215932
hit_in,0.435215932
holiday_shopping,0.435215932
home_for,0.435215932
house_to,0.435215932
how_customers,0.435215932
hurdle_rate,0.435215932
if_market,0.435215932
if_price,0.435215932
if_prices,0.435215932
impacts_of,0.435215932
implementation_is,0.435215932
important_component,0.435215932
important_strategic,0.435215932
imports_and,0.435215932
improve_but,0.435215932
improve_customer,0.435215932
improve_financial,0.435215932
improve_profit,0.435215932
improved_financial,0.435215932
improved_margin,0.435215932
improvement_and,0.435215932
improvement_on,0.435215932
improvements_a,0.435215932
improving_efficiency,0.435215932
in_africa,0.435215932
in_air,0.435215932
in_automotive,0.435215932
in_brand,0.435215932
in_california,0.435215932
in_central,0.435215932
in_chinese,0.435215932
in_collaboration,0.435215932
in_competitive,0.435215932
in_components,0.435215932
in_contracts,0.435215932
in_country,0.435215932
in_currency,0.435215932
in_dealer,0.435215932
in_domestic,0.435215932
in_eastern,0.435215932
in_electronic,0.435215932
in_energy,0.435215932
in_environment,0.435215932
in_equity,0.435215932
in_facilities,0.435215932
in_flexibility,0.435215932
in_freight,0.435215932
in_geographic,0.435215932
in_government,0.435215932
in_home,0.435215932
in_improvement,0.435215932
in_innovation,0.435215932
in_korea,0.435215932
in_locations,0.435215932
in_logistics,0.435215932
in_made,0.435215932
in_oil,0.435215932
in_peak,0.435215932
in_pennsylvania,0.435215932
in_periodic,0.435215932
in_power,0.435215932
in_profitability,0.435215932
in_rail,0.435215932
in_regional,0.435215932
in_spot,0.435215932
in_team,0.435215932
in_ton,0.435215932
in_trade,0.435215932
in_transition,0.435215932
in_uncertain,0.435215932
in_uncertainty,0.435215932
in_volatility,0.435215932
in_waste,0.435215932
in_web,0.435215932
increase_customer,0.435215932
increase_product,0.435215932
increase_revenue,0.435215932
increase_was,0.435215932
increased_product,0.435215932
increased_uncertainty,0.435215932
increasing_capacity,0.435215932
increasing_demand,0.435215932
increasing_revenue,0.435215932
india_in,0.435215932
india_the,0.435215932
indonesia_and,0.435215932
industries_are,0.435215932
industries_the,0.435215932
industries_to,0.435215932
industry_an,0.435215932
industry_at,0.435215932
industry_because,0.435215932
industry_have,0.435215932
industry_overall,0.435215932
industry_sales,0.435215932
industry_standards,0.435215932
industry_trends,0.435215932
industry_was,0.435215932
information_could,0.435215932
infrastructure_a,0.435215932
infrastructure_for,0.435215932
inherent_risk,0.435215932
innovation_and,0.435215932
input_costs,0.435215932
input_from,0.435215932
integrate_into,0.435215932
integrate_the,0.435215932
integrated_into,0.435215932
integrated_with,0.435215932
integration_a,0.435215932
integration_an,0.435215932
integration_effort,0.435215932
international_in,0.435215932
internet_a,0.435215932
into_business,0.435215932
inventory_build,0.435215932
inventory_due,0.435215932
inventory_have,0.435215932
investment_strategy,0.435215932
investment_with,0.435215932
is_closer,0.435215932
is_consolidated,0.435215932
is_core,0.435215932
is_custom,0.435215932
is_delay,0.435215932
is_delayed,0.435215932
is_delivering,0.435215932
is_focused,0.435215932
is_full,0.435215932
is_increasingly,0.435215932
is_level,0.435215932
is_operational,0.435215932
is_policy,0.435215932
is_priced,0.435215932
is_producing,0.435215932
is_product,0.435215932
is_profitable,0.435215932
is_strategic,0.435215932
is_volume,0.435215932
issue_and,0.435215932
issues_and,0.435215932
japan_for,0.435215932
key_customers,0.435215932
key_markets,0.435215932
key_performance,0.435215932
key_strategic,0.435215932
key_suppliers,0.435215932
korea_and,0.435215932
laid_out,0.435215932
large_inventory,0.435215932
largest_component,0.435215932
largest_market,0.435215932
latin_american,0.435215932
lay_and,0.435215932
lead_the,0.435215932
lease_may,0.435215932
lease_to,0.435215932
lease_with,0.435215932
leased_at,0.435215932
leased_the,0.435215932
leasing_a,0.435215932
less_uncertain,0.435215932
level_but,0.435215932
level_have,0.435215932
level_product,0.435215932
level_will,0.435215932
levels_to,0.435215932
lever_a,0.435215932
leverage_in,0.435215932
licensing_agreement,0.435215932
line_from,0.435215932
lines_is,0.435215932
lines_to,0.435215932
ll_supply,0.435215932
local_government,0.435215932
local_or,0.435215932
located_an,0.435215932
location_a,0.435215932
locations_of,0.435215932
locations_so,0.435215932
locations_with,0.435215932
locked_in,0.435215932
logistics_a,0.435215932
longer_period,0.435215932
lost_business,0.435215932
lot_for,0.435215932
low_income,0.435215932
low_rate,0.435215932
lower_economic,0.435215932
lower_product,0.435215932
lower_production,0.435215932
lower_rates,0.435215932
lower_sales,0.435215932
lower_variable,0.435215932
macroeconomic_conditions,0.435215932
maintain_strong,0.435215932
maintenance_cost,0.435215932
major_market,0.435215932
major_risk,0.435215932
major_uncertainties,0.435215932
make_additional,0.435215932
make_forecast,0.435215932
make_good,0.435215932
make_happen,0.435215932
make_or,0.435215932
making_in,0.435215932
manage_for,0.435215932
managed_a,0.435215932
management_account,0.435215932
management_also,0.435215932
management_by,0.435215932
management_costs,0.435215932
management_how,0.435215932
management_policies,0.435215932
management_revenue,0.435215932
managing_and,0.435215932
managing_inventories,0.435215932
manufacturing_an,0.435215932
manufacturing_site,0.435215932
manufacturing_the,0.435215932
margin_because,0.435215932
margin_by,0.435215932
margin_was,0.435215932
margin_would,0.435215932
margins_by,0.435215932
margins_if,0.435215932
margins_were,0.435215932
marine_a,0.435215932
market_but,0.435215932
market_can,0.435215932
market_customers,0.435215932
market_demands,0.435215932
market_during,0.435215932
market_factors,0.435215932
market_had,0.435215932
market_if,0.435215932
market_now,0.435215932
market_on,0.435215932
market_presence,0.435215932
market_under,0.435215932
marketing_costs,0.435215932
marketing_team,0.435215932
marketing_to,0.435215932
marketplace_a,0.435215932
marketplace_and,0.435215932
markets_did,0.435215932
markets_expect,0.435215932
markets_like,0.435215932
markets_may,0.435215932
markets_remain,0.435215932
markets_serve,0.435215932
markets_than,0.435215932
markets_was,0.435215932
markets_will,0.435215932
markets_with,0.435215932
material_for,0.435215932
materialize_and,0.435215932
may_produce,0.435215932
medium_sized,0.435215932
medium_term,0.435215932
merge_a,0.435215932
metric_ton,0.435215932
mexico_is,0.435215932
micro_devices,0.435215932
miles_of,0.435215932
million_people,0.435215932
million_revenue,0.435215932
million_unit,0.435215932
minority_interest,0.435215932
mitigate_risks,0.435215932
mix_and,0.435215932
model_an,0.435215932
model_has,0.435215932
momentum_for,0.435215932
month_time,0.435215932
more_certain,0.435215932
more_competitive,0.435215932
more_costly,0.435215932
more_opportunities,0.435215932
more_product,0.435215932
more_strategic,0.435215932
move_a,0.435215932
move_and,0.435215932
move_further,0.435215932
moves_to,0.435215932
moving_out,0.435215932
moving_to,0.435215932
nationally_in,0.435215932
nations_to,0.435215932
natural_disaster,0.435215932
near_and,0.435215932
negotiate_a,0.435215932
network_are,0.435215932
network_or,0.435215932
network_so,0.435215932
networks_a,0.435215932
networks_an,0.435215932
new_areas,0.435215932
new_contract,0.435215932
new_design,0.435215932
new_market,0.435215932
new_online,0.435215932
new_process,0.435215932
new_release,0.435215932
new_reservation,0.435215932
new_strategy,0.435215932
not_guarantees,0.435215932
not_spend,0.435215932
now_customer,0.435215932
now_need,0.435215932
of_access,0.435215932
of_auto,0.435215932
of_board,0.435215932
of_brazil,0.435215932
of_canada,0.435215932
of_capability,0.435215932
of_channel,0.435215932
of_coal,0.435215932
of_commerce,0.435215932
of_consumption,0.435215932
of_core,0.435215932
of_countries,0.435215932
of_delay,0.435215932
of_delays,0.435215932
of_delivering,0.435215932
of_disease,0.435215932
of_distributions,0.435215932
of_driving,0.435215932
of_environment,0.435215932
of_execution,0.435215932
of_expertise,0.435215932
of_fiber,0.435215932
of_flows,0.435215932
of_flu,0.435215932
of_focus,0.435215932
of_franchise,0.435215932
of_hazardous,0.435215932
of_imports,0.435215932
of_industrial,0.435215932
of_internet,0.435215932
of_lots,0.435215932
of_macroeconomic,0.435215932
of_marketing,0.435215932
of_mexico,0.435215932
of_model,0.435215932
of_moving,0.435215932
of_negotiation,0.435215932
of_partners,0.435215932
of_pipeline,0.435215932
of_port,0.435215932
of_prices,0.435215932
of_profitable,0.435215932
of_programs,0.435215932
of_regional,0.435215932
of_replacing,0.435215932
of_residential,0.435215932
of_response,0.435215932
of_result,0.435215932
of_seasonality,0.435215932
of_shifting,0.435215932
of_solar,0.435215932
of_sustainable,0.435215932
of_synergies,0.435215932
of_technology,0.435215932
of_traffic,0.435215932
of_transition,0.435215932
of_travel,0.435215932
of_unpredictable,0.435215932
of_update,0.435215932
of_waiting,0.435215932
of_wholesale,0.435215932
of_wind,0.435215932
offer_at,0.435215932
oil_a,0.435215932
on_achieving,0.435215932
on_action,0.435215932
on_air,0.435215932
on_annual,0.435215932
on_commission,0.435215932
on_commodity,0.435215932
on_deal,0.435215932
on_dollar,0.435215932
on_earnings,0.435215932
on_effect,0.435215932
on_excess,0.435215932
on_facility,0.435215932
on_factors,0.435215932
on_fee,0.435215932
on_forecast,0.435215932
on_forward,0.435215932
on_import,0.435215932
on_improving,0.435215932
on_location,0.435215932
on_margin,0.435215932
on_margins,0.435215932
on_materials,0.435215932
on_metrics,0.435215932
on_moving,0.435215932
on_next,0.435215932
on_number,0.435215932
on_oil,0.435215932
on_optimizing,0.435215932
on_prices,0.435215932
on_pricing,0.435215932
on_resource,0.435215932
on_resources,0.435215932
on_run,0.435215932
on_schedule,0.435215932
on_serving,0.435215932
on_specialty,0.435215932
on_systems,0.435215932
on_technology,0.435215932
on_transaction,0.435215932
on_types,0.435215932
on_utilization,0.435215932
on_vehicle,0.435215932
on_website,0.435215932
online_from,0.435215932
only_make,0.435215932
only_product,0.435215932
onshore_and,0.435215932
opened_up,0.435215932
operate_an,0.435215932
operate_and,0.435215932
operate_on,0.435215932
operated_a,0.435215932
operated_by,0.435215932
operates_an,0.435215932
operating_at,0.435215932
operating_company,0.435215932
operating_cost,0.435215932
operating_margin,0.435215932
operating_officer,0.435215932
operation_the,0.435215932
operation_will,0.435215932
operational_and,0.435215932
operations_have,0.435215932
operations_into,0.435215932
operations_plan,0.435215932
opportunities_available,0.435215932
opportunities_in,0.435215932
opportunity_cost,0.435215932
opportunity_out,0.435215932
opportunity_well,0.435215932
optimization_of,0.435215932
optimize_the,0.435215932
optimizing_the,0.435215932
options_an,0.435215932
options_on,0.435215932
or_advertising,0.435215932
or_asia,0.435215932
or_buy,0.435215932
or_buying,0.435215932
or_china,0.435215932
or_company,0.435215932
or_components,0.435215932
or_consider,0.435215932
or_delay,0.435215932
or_distributors,0.435215932
or_environmental,0.435215932
or_euro,0.435215932
or_forecasted,0.435215932
or_forecasts,0.435215932
or_global,0.435215932
or_hedge,0.435215932
or_import,0.435215932
or_information,0.435215932
or_land,0.435215932
or_location,0.435215932
or_make,0.435215932
or_manage,0.435215932
or_manufacturer,0.435215932
or_network,0.435215932
or_operation,0.435215932
or_operational,0.435215932
or_option,0.435215932
or_orders,0.435215932
or_performance,0.435215932
or_planned,0.435215932
or_prices,0.435215932
or_products,0.435215932
or_quarter,0.435215932
or_region,0.435215932
or_resource,0.435215932
or_safety,0.435215932
or_seasonal,0.435215932
or_ship,0.435215932
or_square,0.435215932
or_store,0.435215932
or_strategic,0.435215932
or_suppliers,0.435215932
or_technology,0.435215932
or_variability,0.435215932
or_variable,0.435215932
or_yield,0.435215932
order_an,0.435215932
order_grow,0.435215932
order_pattern,0.435215932
orders_be,0.435215932
orders_come,0.435215932
orders_have,0.435215932
organization_a,0.435215932
organizational_changes,0.435215932
otal_cost,0.435215932
out_about,0.435215932
out_cash,0.435215932
out_cost,0.435215932
out_supply,0.435215932
outcome_an,0.435215932
outsourcing_a,0.435215932
over_months,0.435215932
overall_market,0.435215932
overall_performance,0.435215932
overall_sales,0.435215932
overall_strategy,0.435215932
overall_uncertainty,0.435215932
overtime_a,0.435215932
own_product,0.435215932
own_right,0.435215932
own_sales,0.435215932
ownership_an,0.435215932
pacific_region,0.435215932
packages_and,0.435215932
packaging_business,0.435215932
part_from,0.435215932
part_or,0.435215932
participation_and,0.435215932
particular_has,0.435215932
partner_will,0.435215932
partnering_with,0.435215932
partners_an,0.435215932
partners_can,0.435215932
partners_have,0.435215932
partners_is,0.435215932
partners_may,0.435215932
partners_will,0.435215932
partnerships_are,0.435215932
parts_are,0.435215932
party_a,0.435215932
passed_on,0.435215932
passed_through,0.435215932
past_quarter,0.435215932
peak_for,0.435215932
peak_in,0.435215932
per_transaction,0.435215932
performance_across,0.435215932
performance_an,0.435215932
performance_are,0.435215932
performance_be,0.435215932
performance_can,0.435215932
performance_financial,0.435215932
performance_forecast,0.435215932
performance_have,0.435215932
performance_measure,0.435215932
performance_metric,0.435215932
performance_metrics,0.435215932
performance_through,0.435215932
performance_to,0.435215932
performance_under,0.435215932
performance_was,0.435215932
performed_the,0.435215932
performing_well,0.435215932
period_do,0.435215932
period_have,0.435215932
periods_a,0.435215932
periods_forward,0.435215932
personnel_costs,0.435215932
pharmaceuticals_in,0.435215932
phase_to,0.435215932
piece_in,0.435215932
pipeline_for,0.435215932
pipeline_is,0.435215932
pipelines_are,0.435215932
place_order,0.435215932
placing_order,0.435215932
placing_orders,0.435215932
plan_but,0.435215932
plan_or,0.435215932
planned_an,0.435215932
planned_for,0.435215932
plans_or,0.435215932
plant_a,0.435215932
platform_to,0.435215932
platform_with,0.435215932
point_on,0.435215932
policy_change,0.435215932
policy_will,0.435215932
political_factors,0.435215932
political_or,0.435215932
population_and,0.435215932
port_for,0.435215932
port_of,0.435215932
port_operations,0.435215932
port_or,0.435215932
portfolio_and,0.435215932
portfolio_based,0.435215932
portfolio_companies,0.435215932
portfolio_consists,0.435215932
portfolio_should,0.435215932
portfolio_the,0.435215932
ports_in,0.435215932
ports_the,0.435215932
position_in,0.435215932
positioned_to,0.435215932
positions_and,0.435215932
potential_benefits,0.435215932
potential_customers,0.435215932
potential_fluctuations,0.435215932
potential_impact,0.435215932
potential_opportunity,0.435215932
potential_outcome,0.435215932
pounds_in,0.435215932
power_an,0.435215932
power_in,0.435215932
power_is,0.435215932
power_plant,0.435215932
power_supply,0.435215932
predict_is,0.435215932
predictable_an,0.435215932
predictable_are,0.435215932
predictable_part,0.435215932
predictable_than,0.435215932
predictable_the,0.435215932
pressure_in,0.435215932
price_an,0.435215932
price_be,0.435215932
price_do,0.435215932
price_increase,0.435215932
price_so,0.435215932
price_versus,0.435215932
priced_and,0.435215932
priced_in,0.435215932
prices_come,0.435215932
prices_during,0.435215932
prices_from,0.435215932
prices_may,0.435215932
prices_or,0.435215932
prices_than,0.435215932
prices_up,0.435215932
pricing_an,0.435215932
pricing_do,0.435215932
pricing_dynamic,0.435215932
pricing_if,0.435215932
pricing_mechanism,0.435215932
pricing_models,0.435215932
priorities_in,0.435215932
process_be,0.435215932
process_or,0.435215932
processes_to,0.435215932
processes_will,0.435215932
produce_product,0.435215932
produce_to,0.435215932
produced_an,0.435215932
producers_in,0.435215932
product_be,0.435215932
product_costs,0.435215932
product_could,0.435215932
product_cycle,0.435215932
product_di,0.435215932
product_have,0.435215932
product_into,0.435215932
product_margins,0.435215932
product_order,0.435215932
product_out,0.435215932
product_pe,0.435215932
product_side,0.435215932
product_so,0.435215932
product_supply,0.435215932
product_through,0.435215932
product_would,0.435215932
production_an,0.435215932
production_capabilities,0.435215932
production_has,0.435215932
production_schedules,0.435215932
production_so,0.435215932
production_will,0.435215932
productivity_of,0.435215932
products_an,0.435215932
products_changes,0.435215932
products_come,0.435215932
products_coming,0.435215932
products_customer,0.435215932
products_into,0.435215932
products_more,0.435215932
products_new,0.435215932
products_out,0.435215932
products_pe,0.435215932
products_per,0.435215932
products_require,0.435215932
products_required,0.435215932
products_sell,0.435215932
products_so,0.435215932
products_well,0.435215932
profitability_a,0.435215932
profitability_at,0.435215932
profitability_from,0.435215932
profitability_on,0.435215932
profitability_or,0.435215932
profitability_while,0.435215932
profitable_for,0.435215932
profitable_in,0.435215932
profitably_and,0.435215932
program_and,0.435215932
program_at,0.435215932
program_of,0.435215932
programs_and,0.435215932
programs_the,0.435215932
projects_the,0.435215932
projects_will,0.435215932
property_risk,0.435215932
property_to,0.435215932
provide_customer,0.435215932
provider_to,0.435215932
providers_are,0.435215932
providers_the,0.435215932
purchase_power,0.435215932
purchases_to,0.435215932
purchasing_an,0.435215932
purchasing_decision,0.435215932
quality_products,0.435215932
quality_to,0.435215932
quality_with,0.435215932
quantity_a,0.435215932
quarters_for,0.435215932
quarters_the,0.435215932
rail_an,0.435215932
range_and,0.435215932
range_to,0.435215932
rapid_and,0.435215932
rate_by,0.435215932
rate_cap,0.435215932
rate_demand,0.435215932
rate_during,0.435215932
rate_level,0.435215932
rate_long,0.435215932
rate_now,0.435215932
rate_products,0.435215932
rate_risks,0.435215932
rate_would,0.435215932
rates_do,0.435215932
rates_now,0.435215932
rates_on,0.435215932
rates_when,0.435215932
rating_are,0.435215932
rating_system,0.435215932
ration_the,0.435215932
real_value,0.435215932
recession_in,0.435215932
recovery_for,0.435215932
recycling_a,0.435215932
reduce_risk,0.435215932
reduced_sales,0.435215932
reduced_volumes,0.435215932
reduction_a,0.435215932
reduction_actions,0.435215932
reduction_from,0.435215932
reduction_to,0.435215932
regarding_pricing,0.435215932
regarding_product,0.435215932
region_a,0.435215932
region_an,0.435215932
region_by,0.435215932
region_for,0.435215932
region_have,0.435215932
region_of,0.435215932
region_with,0.435215932
regional_market,0.435215932
regions_in,0.435215932
regions_the,0.435215932
regions_with,0.435215932
regulatory_and,0.435215932
regulatory_compliance,0.435215932
relationship_in,0.435215932
relationships_the,0.435215932
releases_and,0.435215932
releases_in,0.435215932
relevant_risk,0.435215932
reliability_and,0.435215932
repair_a,0.435215932
replace_the,0.435215932
reputation_and,0.435215932
research_part,0.435215932
resources_a,0.435215932
response_and,0.435215932
response_are,0.435215932
restriction_of,0.435215932
restrictions_on,0.435215932
resulting_impact,0.435215932
resulting_uncertainty,0.435215932
results_show,0.435215932
results_the,0.435215932
retail_environment,0.435215932
retail_partners,0.435215932
retail_sale,0.435215932
returns_over,0.435215932
revenue_could,0.435215932
revenue_generation,0.435215932
revenue_increase,0.435215932
revenue_share,0.435215932
revenues_but,0.435215932
revenues_come,0.435215932
revenues_go,0.435215932
revenues_with,0.435215932
rewarded_for,0.435215932
right_amount,0.435215932
risk_become,0.435215932
risk_can,0.435215932
risk_cost,0.435215932
risk_every,0.435215932
risk_from,0.435215932
risk_had,0.435215932
risk_has,0.435215932
risk_have,0.435215932
risk_information,0.435215932
risk_mitigated,0.435215932
risk_now,0.435215932
risk_number,0.435215932
risk_on,0.435215932
risk_price,0.435215932
risk_products,0.435215932
risk_rate,0.435215932
risk_reduced,0.435215932
risk_therefore,0.435215932
risks_if,0.435215932
risks_include,0.435215932
risks_may,0.435215932
robust_and,0.435215932
robustness_of,0.435215932
rollout_of,0.435215932
rounds_a,0.435215932
running_at,0.435215932
russia_and,0.435215932
safe_and,0.435215932
safety_in,0.435215932
safety_of,0.435215932
sale_a,0.435215932
sales_channel,0.435215932
sales_could,0.435215932
sales_do,0.435215932
sales_how,0.435215932
sales_including,0.435215932
sales_increases,0.435215932
sales_into,0.435215932
sales_market,0.435215932
sales_model,0.435215932
sales_not,0.435215932
sales_now,0.435215932
sales_people,0.435215932
sales_product,0.435215932
sales_represent,0.435215932
sales_reps,0.435215932
sales_results,0.435215932
sales_team,0.435215932
sales_while,0.435215932
save_money,0.435215932
savings_an,0.435215932
savings_the,0.435215932
scale_an,0.435215932
scale_is,0.435215932
scale_with,0.435215932
scaling_back,0.435215932
scheduled_to,0.435215932
schedules_a,0.435215932
scope_a,0.435215932
season_a,0.435215932
season_have,0.435215932
seasonal_and,0.435215932
seasonal_in,0.435215932
seasonal_patterns,0.435215932
seasonal_product,0.435215932
seasonal_variability,0.435215932
seasonality_and,0.435215932
seasonality_is,0.435215932
sections_in,0.435215932
sector_but,0.435215932
see_revenue,0.435215932
seen_changes,0.435215932
segment_an,0.435215932
segment_by,0.435215932
segment_for,0.435215932
segment_in,0.435215932
segment_or,0.435215932
segment_to,0.435215932
segment_while,0.435215932
segment_will,0.435215932
segments_are,0.435215932
segments_have,0.435215932
segments_to,0.435215932
sell_and,0.435215932
sell_off,0.435215932
sell_out,0.435215932
sellers_an,0.435215932
sellers_and,0.435215932
selling_an,0.435215932
selling_of,0.435215932
sells_product,0.435215932
semiconductor_manufacturers,0.435215932
serve_an,0.435215932
served_and,0.435215932
service_an,0.435215932
service_costs,0.435215932
service_offer,0.435215932
service_offering,0.435215932
services_customers,0.435215932
services_increase,0.435215932
services_with,0.435215932
serving_customer,0.435215932
severance_and,0.435215932
shared_risk,0.435215932
shifted_a,0.435215932
shifting_the,0.435215932
ship_a,0.435215932
ship_an,0.435215932
ship_base,0.435215932
ship_from,0.435215932
ship_in,0.435215932
ship_product,0.435215932
ship_was,0.435215932
shipments_a,0.435215932
shipments_in,0.435215932
shipping_an,0.435215932
ships_a,0.435215932
shore_in,0.435215932
shorter_cycle,0.435215932
side_to,0.435215932
significant_benefit,0.435215932
significant_business,0.435215932
significant_event,0.435215932
significant_resources,0.435215932
significant_revenue,0.435215932
significant_risk,0.435215932
significantly_and,0.435215932
significantly_expanded,0.435215932
single_customer,0.435215932
single_market,0.435215932
site_for,0.435215932
site_will,0.435215932
sites_have,0.435215932
sits_in,0.435215932
slowdown_in,0.435215932
small_companies,0.435215932
smaller_customer,0.435215932
solar_a,0.435215932
solar_in,0.435215932
solutions_for,0.435215932
sourced_a,0.435215932
sources_to,0.435215932
sources_with,0.435215932
sourcing_a,0.435215932
sourcing_of,0.435215932
sourcing_to,0.435215932
south_american,0.435215932
south_carolina,0.435215932
space_or,0.435215932
specialty_chemical,0.435215932
specific_areas,0.435215932
spectrum_a,0.435215932
spectrum_of,0.435215932
speed_at,0.435215932
speed_up,0.435215932
spend_time,0.435215932
spending_at,0.435215932
spending_for,0.435215932
spending_level,0.435215932
spending_well,0.435215932
spending_will,0.435215932
spikes_in,0.435215932
spread_to,0.435215932
stabilization_of,0.435215932
stabilize_and,0.435215932
stage_are,0.435215932
stages_an,0.435215932
standard_of,0.435215932
starts_to,0.435215932
status_a,0.435215932
status_of,0.435215932
steady_and,0.435215932
steel_a,0.435215932
steel_costs,0.435215932
steel_in,0.435215932
steel_is,0.435215932
sterling_a,0.435215932
stick_to,0.435215932
stock_levels,0.435215932
stocking_a,0.435215932
store_per,0.435215932
stores_do,0.435215932
strategic_decision,0.435215932
strategic_direct,0.435215932
strategic_goals,0.435215932
strategic_option,0.435215932
strategic_partnership,0.435215932
strategic_plans,0.435215932
strategically_and,0.435215932
strategically_in,0.435215932
strategies_of,0.435215932
strategy_also,0.435215932
strategy_an,0.435215932
strategy_but,0.435215932
strategy_do,0.435215932
strategy_operations,0.435215932
strategy_would,0.435215932
strong_brand,0.435215932
strong_performance,0.435215932
structure_at,0.435215932
structure_can,0.435215932
structure_has,0.435215932
structure_so,0.435215932
structured_and,0.435215932
structures_are,0.435215932
stuff_to,0.435215932
subscription_based,0.435215932
subsidiaries_in,0.435215932
subsidiary_of,0.435215932
success_based,0.435215932
success_on,0.435215932
successful_outcome,0.435215932
supplier_base,0.435215932
supply_contracts,0.435215932
supply_risk,0.435215932
support_is,0.435215932
support_services,0.435215932
sustainability_an,0.435215932
sustainable_an,0.435215932
sustainable_is,0.435215932
synergies_from,0.435215932
system_by,0.435215932
system_can,0.435215932
system_integration,0.435215932
systems_in,0.435215932
table_global,0.435215932
table_revenue,0.435215932
take_time,0.435215932
taking_market,0.435215932
taking_to,0.435215932
target_are,0.435215932
target_customer,0.435215932
target_of,0.435215932
targeted_a,0.435215932
targets_are,0.435215932
tariff_a,0.435215932
tariff_and,0.435215932
tariff_is,0.435215932
tariffs_are,0.435215932
tariffs_in,0.435215932
tariffs_is,0.435215932
tax_in,0.435215932
tax_on,0.435215932
team_at,0.435215932
team_is,0.435215932
tech_and,0.435215932
technological_factors,0.435215932
technologies_and,0.435215932
technologies_are,0.435215932
technologies_to,0.435215932
technology_can,0.435215932
technology_has,0.435215932
technology_in,0.435215932
technology_investment,0.435215932
technology_of,0.435215932
term_plans,0.435215932
term_profitability,0.435215932
term_value,0.435215932
terms_to,0.435215932
territory_and,0.435215932
test_a,0.435215932
than_buying,0.435215932
than_fixed,0.435215932
than_products,0.435215932
the_americas,0.435215932
the_budget,0.435215932
the_charge,0.435215932
the_competitiveness,0.435215932
the_consulting,0.435215932
the_damage,0.435215932
the_default,0.435215932
the_delays,0.435215932
the_digital,0.435215932
the_disruption,0.435215932
the_downside,0.435215932
the_downstream,0.435215932
the_earthquake,0.435215932
the_economics,0.435215932
the_engagement,0.435215932
the_europe,0.435215932
the_flu,0.435215932
the_forecasted,0.435215932
the_fuel,0.435215932
the_hub,0.435215932
the_improvement,0.435215932
the_industrial,0.435215932
the_industries,0.435215932
the_inflation,0.435215932
the_input,0.435215932
the_integration,0.435215932
the_knowledge,0.435215932
the_lands,0.435215932
the_lifetime,0.435215932
the_locations,0.435215932
the_macroeconomic,0.435215932
the_mall,0.435215932
the_margins,0.435215932
the_marketing,0.435215932
the_mechanism,0.435215932
the_metric,0.435215932
the_moment,0.435215932
the_momentum,0.435215932
the_motor,0.435215932
the_negotiation,0.435215932
the_oems,0.435215932
the_overhead,0.435215932
the_path,0.435215932
the_phase,0.435215932
the_platform,0.435215932
the_political,0.435215932
the_port,0.435215932
the_pressure,0.435215932
the_processing,0.435215932
the_produce,0.435215932
the_producer,0.435215932
the_productivity,0.435215932
the_provider,0.435215932
the_quota,0.435215932
the_rating,0.435215932
the_recall,0.435215932
the_recession,0.435215932
the_reservation,0.435215932
the_robustness,0.435215932
the_rollout,0.435215932
the_seasonality,0.435215932
the_sell,0.435215932
the_separation,0.435215932
the_shortfall,0.435215932
the_sustainability,0.435215932
the_synergies,0.435215932
the_telecom,0.435215932
the_trading,0.435215932
the_traffic,0.435215932
the_transactional,0.435215932
the_transfer,0.435215932
the_unpredictability,0.435215932
the_upstream,0.435215932
the_usage,0.435215932
the_varying,0.435215932
the_vendors,0.435215932
the_viability,0.435215932
the_volumes,0.435215932
the_wage,0.435215932
the_western,0.435215932
the_worldwide,0.435215932
then_build,0.435215932
threshold_for,0.435215932
through_distribution,0.435215932
through_pricing,0.435215932
through_product,0.435215932
through_technology,0.435215932
time_also,0.435215932
time_do,0.435215932
time_has,0.435215932
time_low,0.435215932
time_require,0.435215932
time_so,0.435215932
time_under,0.435215932
time_will,0.435215932
times_do,0.435215932
times_will,0.435215932
timing_the,0.435215932
tires_a,0.435215932
to_base,0.435215932
to_based,0.435215932
to_bid,0.435215932
to_brand,0.435215932
to_building,0.435215932
to_cope,0.435215932
to_corporate,0.435215932
to_custom,0.435215932
to_cycle,0.435215932
to_debt,0.435215932
to_delivery,0.435215932
to_distribution,0.435215932
to_distributor,0.435215932
to_effective,0.435215932
to_energy,0.435215932
to_entry,0.435215932
to_environmental,0.435215932
to_eu,0.435215932
to_euro,0.435215932
to_full,0.435215932
to_harvest,0.435215932
to_hedge,0.435215932
to_industrial,0.435215932
to_innovate,0.435215932
to_investments,0.435215932
to_japan,0.435215932
to_min,0.435215932
to_north,0.435215932
to_pack,0.435215932
to_package,0.435215932
to_planning,0.435215932
to_power,0.435215932
to_prepay,0.435215932
to_prices,0.435215932
to_reduced,0.435215932
to_renegotiate,0.435215932
to_resolve,0.435215932
to_slow,0.435215932
to_software,0.435215932
to_speed,0.435215932
to_traditional,0.435215932
to_train,0.435215932
to_transact,0.435215932
to_trend,0.435215932
to_trends,0.435215932
to_volume,0.435215932
to_website,0.435215932
ton_for,0.435215932
ton_in,0.435215932
ton_the,0.435215932
tons_a,0.435215932
tons_in,0.435215932
top_customers,0.435215932
top_down,0.435215932
top_priority,0.435215932
trade_a,0.435215932
trade_agreement,0.435215932
trade_is,0.435215932
traditional_retail,0.435215932
traffic_a,0.435215932
traffic_and,0.435215932
traffic_in,0.435215932
transactions_can,0.435215932
transfer_of,0.435215932
transition_from,0.435215932
transition_is,0.435215932
transmission_components,0.435215932
transparency_and,0.435215932
transportation_an,0.435215932
travel_and,0.435215932
tremendous_growth,0.435215932
trends_are,0.435215932
trends_may,0.435215932
trial_and,0.435215932
truck_a,0.435215932
truck_an,0.435215932
trust_in,0.435215932
turn_is,0.435215932
turns_and,0.435215932
turns_on,0.435215932
two_market,0.435215932
two_markets,0.435215932
uk_and,0.435215932
ultimate_goal,0.435215932
uncertain_a,0.435215932
uncertain_about,0.435215932
uncertain_but,0.435215932
uncertain_future,0.435215932
uncertain_global,0.435215932
uncertain_if,0.435215932
uncertain_in,0.435215932
uncertain_part,0.435215932
uncertain_when,0.435215932
uncertainties_a,0.435215932
uncertainties_but,0.435215932
uncertainties_have,0.435215932
uncertainties_if,0.435215932
uncertainties_over,0.435215932
uncertainties_to,0.435215932
uncertainty_also,0.435215932
uncertainty_an,0.435215932
uncertainty_at,0.435215932
uncertainty_based,0.435215932
uncertainty_does,0.435215932
uncertainty_during,0.435215932
uncertainty_even,0.435215932
uncertainty_exists,0.435215932
uncertainty_first,0.435215932
uncertainty_from,0.435215932
uncertainty_given,0.435215932
uncertainty_has,0.435215932
uncertainty_how,0.435215932
uncertainty_however,0.435215932
uncertainty_lead,0.435215932
uncertainty_leading,0.435215932
uncertainty_may,0.435215932
uncertainty_now,0.435215932
uncertainty_relative,0.435215932
uncertainty_start,0.435215932
uncertainty_therefore,0.435215932
uncertainty_was,0.435215932
uncertainty_well,0.435215932
uncertainty_while,0.435215932
under_control,0.435215932
underlying_cost,0.435215932
unit_or,0.435215932
units_but,0.435215932
unpredictability_of,0.435215932
unpredictable_in,0.435215932
unpredictable_with,0.435215932
unstable_and,0.435215932
up_capital,0.435215932
up_production,0.435215932
upstream_and,0.435215932
usage_and,0.435215932
use_cost,0.435215932
use_customer,0.435215932
use_part,0.435215932
use_products,0.435215932
use_variable,0.435215932
used_and,0.435215932
using_uncertain,0.435215932
utilization_in,0.435215932
utilization_is,0.435215932
utilize_the,0.435215932
value_do,0.435215932
value_ratio,0.435215932
value_while,0.435215932
variability_at,0.435215932
variability_because,0.435215932
variability_but,0.435215932
variability_has,0.435215932
variability_into,0.435215932
variability_on,0.435215932
variability_or,0.435215932
variability_over,0.435215932
variability_with,0.435215932
variability_within,0.435215932
variable_and,0.435215932
variable_component,0.435215932
variable_for,0.435215932
variable_from,0.435215932
variable_impact,0.435215932
variable_in,0.435215932
variable_just,0.435215932
variable_operating,0.435215932
variable_over,0.435215932
variable_products,0.435215932
variable_the,0.435215932
variable_to,0.435215932
variables_and,0.435215932
variables_in,0.435215932
variance_in,0.435215932
various_industries,0.435215932
vendors_to,0.435215932
venture_the,0.435215932
viability_of,0.435215932
visibility_for,0.435215932
volatility_a,0.435215932
volatility_and,0.435215932
volatility_but,0.435215932
volatility_is,0.435215932
volatility_to,0.435215932
volume_a,0.435215932
volume_have,0.435215932
volume_in,0.435215932
volume_or,0.435215932
volume_to,0.435215932
volume_with,0.435215932
volumes_at,0.435215932
volumes_were,0.435215932
wage_inflation,0.435215932
wait_and,0.435215932
wait_to,0.435215932
warehouse_a,0.435215932
warehouse_an,0.435215932
was_designed,0.435215932
was_structured,0.435215932
was_uncertain,0.435215932
waste_management,0.435215932
weakening_economy,0.435215932
weather_the,0.435215932
weather_was,0.435215932
web_based,0.435215932
well_customers,0.435215932
well_variable,0.435215932
west_and,0.435215932
western_european,0.435215932
when_move,0.435215932
when_uncertainty,0.435215932
while_delivering,0.435215932
whole_company,0.435215932
widely_varying,0.435215932
will_decline,0.435215932
will_spend,0.435215932
will_stabilize,0.435215932
with_accuracy,0.435215932
with_cap,0.435215932
with_enterprise,0.435215932
with_euro,0.435215932
with_fluctuating,0.435215932
with_focus,0.435215932
with_hand,0.435215932
with_improving,0.435215932
with_innovative,0.435215932
with_intermediate,0.435215932
with_lease,0.435215932
with_manufacturing,0.435215932
with_market,0.435215932
with_marketing,0.435215932
with_modes,0.435215932
with_national,0.435215932
with_performance,0.435215932
with_price,0.435215932
with_quality,0.435215932
with_red,0.435215932
with_risk,0.435215932
with_safety,0.435215932
with_uncertainty,0.435215932
with_vendor,0.435215932
with_vendors,0.435215932
with_volume,0.435215932
within_range,0.435215932
workers_a,0.435215932
world_an,0.435215932
world_economy,0.435215932
world_for,0.435215932
world_have,0.435215932
world_to,0.435215932
world_trade,0.435215932
world_with,0.435215932
world_would,0.435215932
worldwide_in,0.435215932
worldwide_sales,0.435215932
year_product,0.435215932
year_third,0.435215932
year_time,0.435215932
yields_of,0.435215932
